measurement_id,device_id,wavelength_nm,detectivity_jones,responsivity_a_w,responsivity_wavelength_nm,responsivity_bias_v,responsivity_temperature_k,responsivity_source_location,responsivity_extraction_method,responsivity_frequency_hz,eqe_percent,eqe_frequency_hz,temperature_k,bias_v,measurement_frequency_hz,response_time_s,rise_time_s,fall_time_s,response_time_definition,response_time_wavelength_nm,response_time_bias_v,response_time_source_location,response_time_limit,response_time_extraction_method,bandwidth_hz,bandwidth_bias_v,bandwidth_source_location,bandwidth_limit,bandwidth_extraction_method,linear_dynamic_range_db,linear_dynamic_range_min,linear_dynamic_range_max,linear_dynamic_range_units,linear_dynamic_range_definition,linear_dynamic_range_source_location,linear_dynamic_range_extraction_method,extended_metrics_review_status,extended_metrics_review_date,extended_metrics_notes,noise_method,noise_instruments,noise_instrument_details,noise_instrument_source,detectivity_extraction_method,source_location,curator_status,flag,amber_reasons,amber_explanation,curator_notes,date_added,date_updated
xu-2022-pbs-si-1280-neg1,xu-2022-pbs-si-edt-device,1280,2.58e11,0.454,1280,-2,,"PDF p. 4, Figure 3a; PDF p. 6, EQE discussion and Equation 3",calculated_from_reported_values,,,,,-1,,,,,,,,"PDF pp. 4 and 6, Figure 4 and temporal-response discussion",,ambiguous,,,,,ambiguous,46,,,,20 log10(Pmax/Pmin); bias not assigned in the prose,"PDF pp. 3-4, Equation 2 and Figure 2c",directly_reported,source_unavailable,2026-08-05,"Main article checked; Supporting Information was not supplied. The 3.8/3.6 us rise/fall times at -4 V use a 0.20 cm2 device, while 1.9/1.2 us uses 0.03 cm2; neither area is tied securely to the D* point. No explicit -3 dB bandwidth was found in the main article. Table 1's 3.2e11 Jones at -2 V conflicts with Figure 3c and the results/conclusion and is held.",shot_noise_approximation,not_applicable,"D* was calculated from EQE and dark current using shot noise, with thermal noise neglected. The SR810 lock-in acquired EQE only; the Keithley 2400 acquired I-V curves.","PDF p. 6, Equation 3 and detectivity discussion; PDF p. 7, I-V Characterization and EQE Measurement",directly_reported,"PDF p. 6, detectivity discussion and Conclusions; PDF p. 4, Figure 3c",reviewed,amber,shot_noise_approximation,Detectivity is based on a shot-noise approximation rather than a measured total-noise spectrum.,"The stored 2.58e11 Jones is reported at 1280 nm and -1 V. Responsivity was calculated from the separately reported 44% EQE at 1280 nm and -2 V using R=EQE*q*lambda/(h*c), giving 0.454251 A/W, stored as 0.454 A/W.",2026-08-05,2026-08-05
tang-2020-hgte-mesh-f0p1-2400-zero,tang-2020-hgte-mesh-f0p1-device,2400,5e9,,,,,"PDF p. 3, Figure 3d reports only the unpatterned f=1 device",ambiguous,,,,,0,200,,1.3e-8,,Approximate CQD-photodiode rise time; threshold convention not reported,,0,PDF p. 4 and referenced Supporting Information Figure S8,measured,directly_reported,,,,,ambiguous,,,,,,,ambiguous,source_unavailable,2026-08-05,"Main article checked; Supporting Information was not supplied. No filling-factor-matched responsivity, explicit -3 dB bandwidth, fall time, or LDR could be established.",measured_noise,not_reported,"Figure 3c presents measured D*. The article directs readers to Supporting Information Section S5 for the noise setup, which was not supplied. The DLPCA-200 chain is described for photocurrent and is not explicitly classified as noise acquisition.","PDF p. 3, Figure 3c and SI Section S5 reference; PDF p. 4, Photoresponse Characterization",directly_reported,"PDF p. 1, abstract; PDF p. 3, Figure 3c",reviewed,green,,,The source reports approximately 5e9 Jones in the abstract and above 5e9 Jones in the text for f=0.1 at 2.4 um and zero bias. Additional graph-only filling-factor values are held because the paper does not explicitly associate each one with a measurement wavelength. No lock-in or source-measure-unit noise acquisition is reported.,2026-08-05,2026-08-05
wang-2025-pbs-znte-1300-500hz,wang-2025-pbs-znte-device,1300,1.32e12,,,,,,,,,,,,500,,1.6e-5,1.6e-5,10–90% rise time and 90–10% fall time under 1300 nm illumination.,1300,0,"Main article PDF p. 5, Figure 4D; instrumentation on p. 7",measured,directly_reported,43000,,"Main article PDF p. 5, Figure 4E; instrumentation on p. 7",measured,directly_reported,100,,,,Author-calculated from the reported linear photocurrent range at 0 V; prose gives 100 nW to 10 mW while Figure 4F labels irradiance in W cm^-2.,"Main article PDF p. 5, Figure 4F",directly_reported,source_unavailable,2026-08-05,Main article reviewed; Supporting Information was referenced but not supplied. Numeric responsivity and EQE appear only in Supporting Information Figure S5. LDR range fields are omitted because prose reports optical power while Figure 4F labels irradiance. Figure 4 does not explicitly assign a bias to the bandwidth panel.,measured_noise,spectrum_analyzer,Agilent 35670A dynamic signal analyzer with Stanford Research Systems SR570 preamplifier; noise current collected at 500 Hz with 1 Hz noise-equivalent bandwidth.,"Main article PDF pp. 3 and 7, detectivity equation and Material and Device Characterizations",directly_reported,"Main article PDF pp. 2-3, Figure 1I and accompanying text",reviewed,green,,,Peak D* reported at approximately 1300 nm. Applied bias and temperature for the D* spectrum are not explicitly assigned. The SR850 lock-in was used for bandwidth and the Agilent B1500A for J-V; neither acquired noise.,2026-08-05,2026-08-05
wang-2025-pbs-edt-1300-500hz,wang-2025-pbs-edt-control-device,1300,1.53e11,,,,,,,,,,,,500,,,,,,,,,,,,,,,,,,,,,,source_unavailable,2026-08-05,Main article reviewed; Supporting Information was referenced but not supplied. No device-matched responsivity or extended metric was available for the PbS-EDT control in the supplied source.,measured_noise,spectrum_analyzer,Agilent 35670A dynamic signal analyzer with Stanford Research Systems SR570 preamplifier; noise current collected at 500 Hz with 1 Hz noise-equivalent bandwidth.,"Main article PDF pp. 3 and 7, detectivity equation and Material and Device Characterizations",directly_reported,"Main article PDF p. 3, Figure 1I and accompanying text",reviewed,green,,,Control D* is directly stated as 1.53e11 Jones at a similar wavelength to the approximately 1300 nm ZnTe result; Figure 1I provides the matching broadband curve. Applied bias and temperature are not explicitly assigned.,2026-08-05,2026-08-05
wang-2025-m1,wang-2025-ag2te-device,1450,1.1e11,0.25,1350,,300,"PDF p. 5, Figure 4c",graphically_extracted,1,,,,,1,,,,,,,,not_reported,ambiguous,,,,not_reported,ambiguous,150,1e-7,10,mW cm^-2,Lower bound (>150 dB) at 1350 nm,"PDF pp. 4-5, Figure 4d",directly_reported,checked,2026-07-20,The approximately 25 ns response and >5 MHz bandwidth belong to a separate 10^4 µm² device and are retained as device-level evidence only. The approximately 25 ns response and >5 MHz bandwidth belong to a separate 10^4 µm² device and are retained as device-level evidence only.,measured_noise,transient_current_fft,Transient-current FFT method; acquisition hardware not identified.,"PDF p. 4, Figure S14 discussion",graphically_extracted,"PDF pp. 4-5, Figure 4c",reviewed,green,,,Approximate values read near the SWIR maximum of the champion-device curves.,2026-07-19,2026-08-22
song-2024-ag-hgte-m1,song-2024-ag-hgte-device,3300,1.15e11,0.58,,0,130,"Main PDF p. 3; Supporting Information p. 16, Figure S15",directly_reported,,,,130,0,,,,,,,,,not_reported,not_reported,,,,not_reported,not_reported,,,,,,,not_reported,checked,2026-07-20,"The source also reports 0.31 A/W at 78 K; the atlas row retains the 0.58 A/W, 130 K condition. The source also reports 0.31 A/W at 78 K; the atlas row retains the 0.58 A/W, 130 K condition.",measured_noise,spectrum_analyzer,SRS SR785 FFT dynamic signal analyzer with an SRS SR570 low-noise current preamplifier.,"Main PDF p. 7, Noise spectral density measurement; Supporting Information p. 17, Figure S16",directly_reported,"Main PDF p. 5; Supporting Information pp. 17 and 21, Figure S16 and Table S1",reviewed,unverified,,,"Temperature mismatch in the published detectivity calculation: the main text reports D*=1.15e11 Jones using responsivity 0.58 A/W at 130 K, area 1.05 mm2, and noise density 0.5 pA Hz^-1/2, while Supporting Figure S16 states that the noise spectrum was acquired at 78 K. Supporting Table S1 separately lists this work at 3.3 µm, 78 K, approximately 1.2e11 Jones, and 0.3 A/W. The main-text champion claim is preserved, with the non-co-located noise and responsivity temperatures disclosed.",2026-07-19,2026-08-22
dang-2023-grid-m1,dang-2023-grid-device,5000,7e11,,,,,,,,,,80,0,1000,,,,,,,,,,,,,,,,,,,,,,source_unavailable,2026-07-20,Main article unavailable during the 2026-07-20 reprocessing pass; existing extended values remain unverified. Main article unavailable during the 2026-07-20 reprocessing pass; existing extended values remain unverified.,measured_noise,spectrum_analyzer,SRS SR780 spectrum analyzer with a FEMTO DLPCA-200 current amplifier.,"Supporting Information p. S4, Device characterization",directly_reported,Main PDF p. 4; Supporting Information pp. S4 and S19-S20,reviewed,green,,,"The paper reports responsivity close to 3 A/W and EQE above 90%, but these approximate/inequality values are retained only in the device record context. Optical response is approximately 80 ns under a 4.4 µm QCL; electrical bandwidth is approximately 20 MHz. SI states noise spectra were acquired from 10-800 Hz while the detectivity figure is labeled at 1 kHz; the published 1 kHz condition is preserved.",2026-07-19,2026-07-20
vafaie-2021-m1,vafaie-2021-pbs-device,1550,8e11,1,1550,0,,"PDF p. 6, Figure 4A",directly_reported,,80,,,0,500000,,,,,,,,not_reported,ambiguous,,,,not_reported,not_reported,,,,,,,not_reported,checked,2026-07-20,The 10 ns response/fall champion was measured on a separate small pixel and is retained as device-level evidence only. The 10 ns response/fall champion was measured on a separate small pixel and is retained as device-level evidence only.,measured_noise,spectrum_analyzer,Agilent N9010A signal analyzer with a battery-powered low-noise transimpedance preamplifier.,"PDF p. 11, Experimental Procedures: Device Characterization",directly_reported,"PDF pp. 7-8, Figure 4B and caption; p. 11 noise methods",reviewed,unverified,,,The 10 ns speed result was measured separately at 850 nm and is not transferred to this row.,2026-07-19,2026-08-22
paul-2025-m1,paul-2025-ag2se-device,1200,6.5e10,0.07,1200,0,300,PDF p. 7,directly_reported,140,7.4,,,0,140,,0.000026,0.00004,10-90% rise and 90-10% fall,970,0,PDF pp. 1-2 and 7,measured,directly_reported,18000,0,PDF pp. 1-2 and 7,measured,directly_reported,66,,,,Approximately 66 dB,PDF p. 7,directly_reported,checked,2026-07-20,,measured_noise,spectrum_analyzer,SRS SR770 spectrum analyzer with a FEMTO DLPCA-200 current preamplifier.,"PDF p. 3, Noise Measurement",directly_reported,"PDF pp. 7-8, Figure 4e-f and accompanying text",reviewed,green,,,The 18 kHz bandwidth and rise/fall times were measured under separate 970 nm conditions and are not transferred to this row.,2026-07-19,2026-07-20
molnas-2024-m1,molnas-2024-pbs-ase-device,980,2.5e11,0.098,980,,295,"PDF p. 4, Figure 2a",graphically_extracted,,,,295,,,,,,,,,,not_reported,ambiguous,,,,not_reported,ambiguous,,,,,,,not_reported,checked,2026-07-20,Responsivity and D* use 10 V µm^-1. The paper-calculated ~64 ns response and 2.5 MHz bandwidth use 5 V µm^-1 and remain device-level evidence. Responsivity and D* use 10 V µm^-1. The paper-calculated ~64 ns response and 2.5 MHz bandwidth use 5 V µm^-1 and remain device-level evidence.,measured_noise,lock_in_amplifier,SRS SR865A lock-in amplifier operated in current mode.,"PDF p. 7, Noise Current Spectral Density",directly_reported,"PDF p. 4, Figure 2c; pp. 6-7 methods",reviewed,amber,lock_in_only_noise_measurement,"Noise was acquired using only an SRS SR865A lock-in amplifier, which warrants caution when comparing the reported detectivity with full-spectrum noise measurements.",Detectivity is reported at 10 V/µm with stabilized noise above 1 kHz; no applied voltage or single exact measurement frequency is provided.,2026-07-19,2026-07-20
liu-2022-m1,liu-2022-pbs-device,1000,1.5e11,0.46,970,-0.5,,"PDF p. 4, Figure 2c-d",directly_reported,,,,,-0.5,,,4.9e-7,0.00000115,,,-0.5,"PDF p. 4, Figure 2e",measured,directly_reported,140000,-0.5,"PDF p. 4, Figure 2d",measured,directly_reported,100,7e-9,0.0007,W,Lower bound (>100 dB) at -0.5 V,"PDF pp. 3-4, Figure 2b",directly_reported,checked,2026-07-20,,measured_noise,lock_in_amplifier,SRS SR850 lock-in amplifier.,"PDF p. 8, Methods: Device characterization",directly_reported,PDF p. 4; Supplementary Figure 6f-i referenced in text,reviewed,amber,lock_in_only_noise_measurement,"Noise was acquired using only an SRS SR850 lock-in amplifier, which warrants caution when comparing the reported detectivity with full-spectrum noise measurements.",Measured room-temperature D* under reverse bias; numerical temperature and exact D* frequency are not stated.,2026-07-19,2026-07-20
liu-2022-m2,liu-2022-pbs-device,1000,2.1e12,,,,,,not_reported,,,,,0,,,6.4e-7,0.00000186,,,0,PDF p. 4; Supplementary Figure 6 cited in main text,measured,directly_reported,70000,0,"PDF p. 4, Figure 2d",measured,directly_reported,80,7e-9,0.0007,W,80 dB at 0 V,"PDF pp. 3-4, Figure 2b",directly_reported,checked,2026-07-20,,measured_noise,lock_in_amplifier,SRS SR850 lock-in amplifier.,"PDF p. 8, Methods: Device characterization",directly_reported,PDF p. 4; Supplementary Figure 6f-i referenced in text,reviewed,amber,lock_in_only_noise_measurement,"Noise was acquired using only an SRS SR850 lock-in amplifier, which warrants caution when comparing the reported detectivity with full-spectrum noise measurements.",Measured room-temperature D* in the self-powered state; numerical temperature and exact D* frequency are not stated.,2026-07-19,2026-07-20
shin-2024-m1,shin-2024-inas-device,940,3.1e11,,,,,,ambiguous,,,,,-1,,,,,,,,,not_reported,ambiguous,,,,not_reported,not_reported,,,,,,,not_reported,checked,2026-07-20,"The reported 0.60 A/W responsivity and 46 ns fall time are at -3 V, while the atlas D* row is at -1 V; a 76 ns fall at -1 V could not be tied confidently to the exact absorber condition. The reported 0.60 A/W responsivity and 46 ns fall time are at -3 V, while the atlas D* row is at -1 V; a 76 ns fall at -1 V could not be tied confidently to the exact absorber condition.",shot_noise_approximation,not_applicable,D* uses a shot-noise approximation; measured-noise instrumentation is not applicable.,PDF detectivity discussion,directly_reported,"PDF p. 5, Figure 4b and accompanying text; p. 6 characterization methods",reviewed,amber,shot_noise_approximation,Detectivity was calculated assuming that shot noise from the dark current dominates the total device noise.,Measured noise at 10 Hz was reported to saturate at the shot-noise limit but the published D* explicitly uses the shot-noise formula.,2026-07-19,2026-07-20
yang-2022-m1,yang-2022-hgte-device,1550,3.9e11,0.38,1550,0,295,PDF p. 5,directly_reported,,,,295,0,500,,0.0000064,0.0000254,,,0,PDF p. 5; Supporting Information Figure S16,measured,directly_reported,50000,0,PDF p. 5; Supporting Information Figure S16,measured,directly_reported,112,0.00002,8,mW cm^-2,Lower bound (>112 dB),PDF p. 5,directly_reported,checked,2026-07-20,,measured_noise,spectrum_analyzer,Spectral analyzer; model not reported.,"PDF p. 5, Figure 4f discussion",directly_reported,"PDF p. 5, Figure 4f and accompanying text; p. 6 conclusion",reviewed,unverified,,,D* uses the measured noise current at 500 Hz and a 1 Hz noise-equivalent bandwidth.,2026-07-19,2026-08-22
wang-2024-m1,wang-2024-hgte-device,1700,3.4e11,0.62,1700,0,300,"PDF p. 5, Figure 3d",directly_reported,,44,,300,0,500,,0.00001,0.000019,,,0,"PDF p. 5, Figure 3c",measured,directly_reported,,,,not_reported,not_reported,95,,,,Approximately 95 dB at +0.2 V,"PDF p. 5, Figure 3b",directly_reported,checked,2026-07-20,,measured_noise,spectrum_analyzer,Spectral analyzer; model not reported.,"PDF p. 5, Figure 3e discussion",directly_reported,"PDF p. 5, Figure 3d-f and accompanying text",reviewed,unverified,,,Peak broadband D* and responsivity near the 1700 nm excitonic response.,2026-07-19,2026-08-22
rastogi-2022-m1,rastogi-2022-hgte-device,1550,9e10,0.8,1550,0,300,"PDF p. 7, Figure 4d and accompanying text",directly_reported,,,,300,0,1000,,,,,,,"PDF pp. 6-7, Figure 5c and accompanying discussion",,ambiguous,,,,,,,,,,,,,source_unavailable,2026-08-27,"The paper reports a 200-700 ns pixel-size-dependent response, but no value is assigned to this D* row. Supporting Information was not supplied, so bandwidth and LDR remain unresolved.",unspecified,not_reported,The supplied article reports D* at 1 kHz but does not identify the noise acquisition instrument.,"PDF pp. 6-8, Figure 5a and discussion",directly_reported,"PDF pp. 6-7, Figure 5a and accompanying text",reviewed,unverified,,,"Room-temperature result. D* is reported at 1 kHz, but the noise basis and acquisition instrument are not reported. The attached 0.8 A/W responsivity is reported at 1550 nm and 0 V without a separate modulation frequency, so the signal/noise frequency match is not established.",2026-07-19,2026-08-27
rastogi-2022-m2,rastogi-2022-hgte-device,1550,9e11,,,,,,ambiguous,,,,200,0,1000,,,,,,,"PDF pp. 6-7, Figure 5c and accompanying discussion",,ambiguous,,,,,,,,,,,,,source_unavailable,2026-08-27,"The device platform reaches 0.80 A/W and has a 200-700 ns pixel-size-dependent response, but those conditions are not assigned to the 200 K D* row. Supporting Information was not supplied, so bandwidth and LDR remain unresolved.",unspecified,not_reported,The supplied article reports D* at 1 kHz but does not identify the noise acquisition instrument.,"PDF pp. 6-8, Figure 5a and discussion",directly_reported,"PDF pp. 6-7, Figure 5a and accompanying text",reviewed,green,,,"Cooled result. D* is reported at 1 kHz, but the underlying noise method and acquisition instrument are not reported; no responsivity or EQE value is assigned to this row.",2026-07-19,2026-08-27
paul-2025-hgte-m1,paul-2025-hgte-device,1800,2.9e11,0.0365,1800,0,300,"Supporting Information PDF p. 20, Table S4",directly_reported,25,,,300,0,25,,,0.000023,,,,"Supporting Information PDF p. 20, Table S4; Figure S17",measured,directly_reported,,,,not_reported,not_reported,,,,,,,not_reported,checked,2026-07-20,,measured_noise,spectrum_analyzer,SRS SR770 FFT spectrum analyzer with an SR570 current preamplifier.,"PDF p. 4, Noise measurements",directly_reported,"PDF p. 5 noise methods; pp. 7-8, Figure 5c and accompanying text",reviewed,green,,,"Source recheck on 2026-08-22: the spectral photoresponse was acquired with light chopped at 25 Hz, and the measured 25 Hz noise value was used for D*. The separate 140 Hz statement does not define the retained D* calculation.",2026-07-19,2026-08-22
yu-2024-hgte-me4pacz-m1,yu-2024-hgte-me4pacz-device,1715,2.1e12,0.76,1715,0,,"PDF p. 6, Figure 4d; Supporting Information Figure S8",directly_reported,,54.59,,,0,500,,0.00000791,0.00000635,,,0,"PDF p. 6, Figure 4c",measured,directly_reported,,,,not_reported,not_reported,,,,,,,not_reported,checked,2026-07-20,,measured_noise,spectrum_analyzer,Agilent 35670A dynamic signal analyzer with an SRS SR570 low-noise current preamplifier.,"PDF p. 7, Experimental section",directly_reported,"PDF pp. 4-6, Figure 4c-f and accompanying text",reviewed,unverified,,,"Room-temperature peak result; fall time is 6.35 µs, and numerical temperature and active area are not stated.",2026-07-19,2026-08-22
yu-2024-hgte-bare-m1,yu-2024-hgte-bare-device,1715,6.8e11,0.6,1715,0,,"PDF p. 6, Figure 4d; Supporting Information Figure S8",directly_reported,,43.75,,,0,500,,0.00000923,0.00006571,,,0,"PDF p. 6, Figure 4c",measured,directly_reported,,,,not_reported,not_reported,,,,,,,not_reported,checked,2026-07-20,,measured_noise,spectrum_analyzer,Agilent 35670A dynamic signal analyzer with an SRS SR570 low-noise current preamplifier.,"PDF p. 7, Experimental section",directly_reported,"PDF pp. 4-6, Figure 4c-f and accompanying text",reviewed,unverified,,,"Room-temperature peak result; fall time is 65.71 µs, and numerical temperature and active area are not stated.",2026-07-19,2026-08-22
wang-2023-pbs-oxidized-m1,wang-2023-pbs-oxidized-device,1250,6.8e12,,,,,,not_reported,,,,,0,45000,7.3e-7,,,Response time; threshold definition not reported,,0,"PDF p. 6, Figure 5d",measured,directly_reported,45000,0,"PDF p. 6, Figure 5c",measured,directly_reported,,,,,,,not_reported,checked,2026-07-20,,measured_noise,spectrum_analyzer,Agilent 35670A dynamic signal analyzer with an SRS SR570 preamplifier.,"PDF p. 8, Experimental section",directly_reported,"PDF pp. 6-7, Figure 5c-e and accompanying text; PDF p. 7 experimental section",reviewed,green,,,D* is stated at the absorbing-layer first exciton peak; the experimental section identifies that peak as approximately 1250 nm.,2026-07-19,2026-07-20
wang-2023-pbs-control-m1,wang-2023-pbs-control-device,1250,2.0e12,,,,,,not_reported,,,,,0,39000,9.9e-7,,,Response time; threshold definition not reported,,0,"PDF p. 6, Figure 5d",measured,directly_reported,39000,0,"PDF p. 6, Figure 5c",measured,directly_reported,,,,,,,not_reported,checked,2026-07-20,,measured_noise,spectrum_analyzer,Agilent 35670A dynamic signal analyzer with an SRS SR570 preamplifier.,"PDF p. 8, Experimental section",directly_reported,"PDF pp. 6-7, Figure 5c-e and accompanying text; PDF p. 7 experimental section",reviewed,green,,,D* is stated at the absorbing-layer first exciton peak; the experimental section identifies that peak as approximately 1250 nm.,2026-07-19,2026-07-20
chen-2014-hgte-plasmonic-m1,chen-2014-hgte-plasmonic-device,1250,1.45e10,,,,,,not_reported,,,,,0,,,,,,,,,not_reported,not_reported,,,,not_reported,ambiguous,,,,,,,not_reported,checked,2026-07-20,Figure 7b shows an illumination-dependent ~0.5-1.1 MHz bandwidth range; no single same-condition value is assigned. Figure 7b shows an illumination-dependent ~0.5-1.1 MHz bandwidth range; no single same-condition value is assigned.,shot_noise_approximation,not_applicable,D* uses a shot-noise approximation; measured-noise instrumentation is not applicable.,PDF detectivity discussion,graphically_extracted,"PDF pp. 6-7, Figure 7a and accompanying text",reviewed,amber,shot_noise_approximation,Detectivity was evaluated from EQE and noise inferred from dark current rather than a measured total-noise spectrum.,Approximate peak value read from the published curve; exact area temperature and noise frequency are not stated.,2026-07-19,2026-07-20
chen-2014-hgte-control-m1,chen-2014-hgte-control-device,1250,4.5e9,,,,,,not_reported,,,,,0,,,,,,,,,not_reported,not_reported,,,,not_reported,ambiguous,,,,,,,not_reported,checked,2026-07-20,Figure 7b shows an illumination-dependent ~0.5-1.1 MHz bandwidth range; no single same-condition value is assigned. Figure 7b shows an illumination-dependent ~0.5-1.1 MHz bandwidth range; no single same-condition value is assigned.,shot_noise_approximation,not_applicable,D* uses a shot-noise approximation; measured-noise instrumentation is not applicable.,PDF detectivity discussion,graphically_extracted,"PDF pp. 6-7, Figure 7a and accompanying text",reviewed,amber,shot_noise_approximation,Detectivity was evaluated from EQE and noise inferred from dark current rather than a measured total-noise spectrum.,Approximate value read from the published curve at the plasmonic-device peak wavelength; exact area temperature and noise frequency are not stated.,2026-07-19,2026-07-20
ackerman-2020-hgte-2200-m1,ackerman-2020-hgte-2200-device,2200,1.0e11,,,,,,ambiguous,,,,295,0,,,4.5e-7,0.0000014,,,0,Main PDF p. 3; Supporting Information Figure S1,measured,directly_reported,,,,not_reported,not_reported,,,,,,,not_reported,checked,2026-07-20,,measured_noise,spectrum_analyzer,Spectrum analyzer; model not reported.,"PDF p. 3, Figure 1e-f discussion",directly_reported,"PDF pp. 2-4, Figures 1-2 and conclusion",reviewed,green,,,Noise was measured with a spectrum analyzer and was approximately frequency-independent; reported fall time is 1.4 µs.,2026-07-19,2026-07-20
ackerman-2020-hgte-2500-m1,ackerman-2020-hgte-2500-device,2500,6.5e10,,,,,,ambiguous,,60,,295,0,,,4.5e-7,0.0000014,,,0,Main PDF p. 3; Supporting Information Figure S1,measured,directly_reported,,,,not_reported,not_reported,,,,,,,not_reported,checked,2026-07-20,,measured_noise,spectrum_analyzer,Spectrum analyzer; model not reported.,"PDF p. 3, Figure 1e-f discussion",directly_reported,"PDF pp. 2-4, Figures 1-2 and conclusion",reviewed,unverified,,,Noise was measured with a spectrum analyzer and was approximately frequency-independent; reported fall time is 1.4 µs.,2026-07-19,2026-08-22
ahn-2024-ag2te-mpa-1550,ahn-2024-ag2te-mpa-device,1550,6.1e6,,,,,,ambiguous,,0.21,,298,-0.3,10000,,,2e-7,90-10% fall time,1550,0,"PDF p. 6, Figure 4G",measured,directly_reported,100000,0,PDF p. 7; Supporting Information Figure S21,lower_bound,directly_reported,78.8,,,,MPA device linear dynamic range,PDF p. 7; Supporting Information Figure S20,directly_reported,checked,2026-07-20,,measured_noise,oscilloscope_fft,SRS SR570 low-noise current amplifier with a Tektronix DSO7054A oscilloscope FFT; 20 Hz resolution bandwidth.,"PDF p. 8, Noise Current Measurement",directly_reported,"PDF pp. 5-6, Figure 4 and accompanying text",reviewed,unverified,,,Measured-noise D* at 10 kHz; the separately reported 72 ns result belongs to a 0.009 cm2 device and is not transferred to this row.,2026-07-19,2026-08-22
ahn-2024-ag2te-mpa-2004,ahn-2024-ag2te-mpa-device,2004,1.0e7,,,,,,ambiguous,,0.0072,,298,0,10000,,,,,,,,not_reported,not_reported,,,,not_reported,ambiguous,,,,,,,not_reported,checked,2026-07-20,"The fastest 72 ns result used a 0.009 cm² pixel, and the >100 kHz bound was reported for the 1550 nm condition; neither is assigned here. The fastest 72 ns result used a 0.009 cm² pixel, and the >100 kHz bound was reported for the 1550 nm condition; neither is assigned here.",measured_noise,oscilloscope_fft,SRS SR570 low-noise current amplifier with a Tektronix DSO7054A oscilloscope FFT; 20 Hz resolution bandwidth.,"PDF p. 8, Noise Current Measurement",directly_reported,"PDF pp. 5-6, Figure 4 and accompanying text",reviewed,unverified,,,Zero-bias noise was used for the 2004 nm D* because of low signal-to-noise ratio under bias; the 72 ns result belongs to a separate smaller-area device.,2026-07-19,2026-08-22
peng-2024-insb-inp-m1,peng-2024-insb-inp-device,1240,4.4e11,0.05,1240,0,300,"PDF p. 6, Table 1",calculated_from_reported_values,,5,,,0,10000,,,0.00000165,Fall time,,0,"PDF p. 5, Figure 4b",measured,directly_reported,850000,0,"PDF p. 5, Figure 4a",measured,directly_reported,128,1e-7,0.4,W cm^-2,Lower bound (>128 dB) at 1310 nm,"PDF p. 5, Figure 4c",directly_reported,checked,2026-07-20,,measured_noise,transient_current_fft|lock_in_amplifier,Low-frequency FFT current transients and an SRS SR830 lock-in amplifier at high frequency.,"PDF p. 5, Figure S19 discussion; p. 7, Methods",directly_reported,"PDF pp. 5-7, Figures 3-4 and device methods",reviewed,unverified,,,The 70 ns response belongs to a separate 0.09 mm2 device; this row uses the 3.14 mm2 detectivity device and its corresponding 1.65 µs fall time and 850 kHz bandwidth.,2026-07-19,2026-08-22
muhammad-2023-insb-m1,muhammad-2023-insb-device,1200,1.02e11,,,,,,not_reported,,,,,,,,,,,,,,not_reported,not_reported,,,,not_reported,not_reported,,,,,,,not_reported,checked,2026-07-20,,measured_noise,not_reported,The supplied article states that D* is based on measured noise current over 5-50 kHz but does not identify the acquisition instrument.,"PDF p. 6, Figure 4f and Figure S23 discussion",directly_reported,"PDF pp. 6-7, Figure 4f and accompanying text",reviewed,green,,,Noise-current-based D* is reported across 5-50 kHz; no single frequency or explicit D* bias is assigned. The separately reported 75% EQE and response times are not transferred.,2026-07-19,2026-07-20
wang-2024-ag2te-main-m1,wang-2024-ag2te-main-device,1380,3.0e12,0.22,1380,0,300,"PDF p. 4, Figure 2d",graphically_extracted,,,,300,0,20000,,0.0000013,0.0000033,,,0,"PDF p. 4, Figure 3b",measured,directly_reported,110000,,"PDF p. 4, Figure 3b",measured,directly_reported,118,0.00001,10,mW cm^-2,Lower bound (>118 dB) at 1310 nm,"PDF p. 4, Figure 3a",directly_reported,checked,2026-07-20,,measured_noise,transient_current_fft|lock_in_amplifier,Low-frequency FFT current transients and an SRS SR830 lock-in amplifier in noise-measurement mode at high frequency.,"PDF p. 4, Supplementary Figure 11 discussion; p. 8, Methods",graphically_extracted,"PDF p. 4, Figure 3b-c and accompanying text; PDF p. 8 methods",reviewed,unverified,,,Approximate spectral maximum read near 1380 nm; the paper directly reports a maximum of about 3e12 Jones at 20 kHz and room temperature. Fall time is 3.3 µs.,2026-07-19,2026-08-22
wang-2024-ag2te-1520-m1,wang-2024-ag2te-1520-device,1500,8.8e11,0.1,1500,0,300,PDF p. 4; Supplementary Figure 13,directly_reported,,,,300,0,20000,,,,,,,,not_reported,not_reported,220000,,PDF p. 4; Supplementary Figure 13,measured,directly_reported,,,,,,,not_reported,checked,2026-07-20,Responsivity is reported as >0.10 A/W; the stored value is the reported lower threshold. Responsivity is reported as >0.10 A/W; the stored value is the reported lower threshold.,measured_noise,transient_current_fft|lock_in_amplifier,Low-frequency FFT current transients and an SRS SR830 lock-in amplifier in noise-measurement mode at high frequency.,"PDF p. 4, Supplementary Figure 11 discussion; p. 8, Methods",directly_reported,PDF p. 4 and Supplementary Figure 13,reviewed,unverified,,,Responsivity is reported only as greater than 0.1 A/W and is left blank rather than encoded as an exact value.,2026-07-19,2026-08-22
chen-2023-hgte-pin-1500,chen-2023-hgte-pin-device,1500,1.8e12,0.9,1500,0,300,"PDF p. 3, Figure 3",directly_reported,,74,,300,0,,,,,,,,,not_reported,not_reported,,,,not_reported,not_reported,,,,,,,not_reported,checked,2026-07-20,,measured_noise,not_reported,The supplied article reports measured noise spectra but does not identify the acquisition instrument.,"PDF p. 4, Figure S6 discussion",directly_reported,"PDF pp. 3-7, Figures 2-3 and Table 1",reviewed,unverified,,,Measured noise is close to but several-fold larger than calculated Johnson noise; exact measurement frequency is not reported.,2026-07-19,2026-08-22
chen-2023-hgte-pin-1900,chen-2023-hgte-pin-device,1900,5.3e11,0.8,1900,0,300,"PDF p. 3, Figure 3",directly_reported,,52,,300,0,,,,,,,,,not_reported,not_reported,,,,not_reported,not_reported,,,,,,,not_reported,checked,2026-07-20,,measured_noise,not_reported,The supplied article reports measured noise spectra but does not identify the acquisition instrument.,"PDF p. 4, Figure S6 discussion",directly_reported,"PDF pp. 3-7, Figures 2-3 and Table 1",reviewed,unverified,,,Measured noise is close to but several-fold larger than calculated Johnson noise; exact measurement frequency is not reported.,2026-07-19,2026-08-22
chen-2023-hgte-pin-2500,chen-2023-hgte-pin-device,2500,6.0e11,0.9,2500,0,300,"PDF p. 3, Figure 3",directly_reported,,44,,300,0,,,,,,,,,not_reported,not_reported,,,,not_reported,not_reported,,,,,,,not_reported,checked,2026-07-20,,measured_noise,not_reported,The supplied article reports measured noise spectra but does not identify the acquisition instrument.,"PDF p. 4, Figure S6 discussion",directly_reported,"PDF pp. 3-7, Figures 2-3 and Table 1",reviewed,unverified,,,Measured noise is close to but several-fold larger than calculated Johnson noise; exact measurement frequency is not reported.,2026-07-19,2026-08-22
chen-2023-hgte-pin-3600,chen-2023-hgte-pin-device,3600,5.0e10,1.8,3600,0,200,"PDF p. 3, Figure 3",directly_reported,,62,,200,0,,,,,,,,,not_reported,not_reported,,,,not_reported,not_reported,,,,,,,not_reported,checked,2026-07-20,,measured_noise,not_reported,The supplied article reports measured noise spectra but does not identify the acquisition instrument.,"PDF p. 4, Figure S6 discussion",directly_reported,"PDF pp. 3-7, Figures 2-3 and Table 1",reviewed,unverified,,,Measured noise is close to but several-fold larger than calculated Johnson noise; exact measurement frequency is not reported.,2026-07-19,2026-08-22
chen-2023-hgte-nip-1500,chen-2023-hgte-nip-device,1500,1.1e12,1.1,1500,0,300,"PDF pp. 3-5, Figure 4 and comparison table",ambiguous,,,,300,0,,,,,,,,,not_reported,not_reported,,,,not_reported,not_reported,,,,,,,not_reported,checked,2026-07-20,,measured_noise,not_reported,The supplied article reports measured noise spectra but does not identify the acquisition instrument.,"PDF p. 4, Figure S6 discussion",directly_reported,"PDF pp. 5-7, Figure 4 and Table 1",reviewed,unverified,,,Inverted n-i-p homojunction; exact measurement frequency is not reported.,2026-07-19,2026-08-22
chen-2023-hgte-nip-1900,chen-2023-hgte-nip-device,1900,1.2e12,1.2,1900,0,300,"PDF pp. 3-5, Figure 4 and comparison table",ambiguous,,,,300,0,,,,,,,,,not_reported,not_reported,,,,not_reported,not_reported,,,,,,,not_reported,checked,2026-07-20,,measured_noise,not_reported,The supplied article reports measured noise spectra but does not identify the acquisition instrument.,"PDF p. 4, Figure S6 discussion",directly_reported,"PDF pp. 5-7, Figure 4 and Table 1",reviewed,unverified,,,Inverted n-i-p homojunction; exact measurement frequency is not reported.,2026-07-19,2026-08-22
chen-2023-hgte-nip-2500,chen-2023-hgte-nip-device,2500,5.3e11,0.8,2500,0,300,"PDF pp. 3-5, Figure 4 and comparison table",ambiguous,,,,300,0,,,,,,,,,not_reported,not_reported,,,,not_reported,not_reported,,,,,,,not_reported,checked,2026-07-20,,measured_noise,not_reported,The supplied article reports measured noise spectra but does not identify the acquisition instrument.,"PDF p. 4, Figure S6 discussion",directly_reported,"PDF pp. 5-7, Figure 4 and Table 1",reviewed,unverified,,,Inverted n-i-p homojunction; exact measurement frequency is not reported.,2026-07-19,2026-08-22
chen-2023-hgte-nip-3600,chen-2023-hgte-nip-device,3600,3.6e10,1.7,3600,0,200,"PDF pp. 3-5, Figure 4 and comparison table",ambiguous,,,,200,0,,,,,,,,,not_reported,not_reported,,,,not_reported,not_reported,,,,,,,not_reported,checked,2026-07-20,,measured_noise,not_reported,The supplied article reports measured noise spectra but does not identify the acquisition instrument.,"PDF p. 4, Figure S6 discussion",directly_reported,"PDF pp. 5-7, Figure 4 and Table 1",reviewed,unverified,,,Inverted n-i-p homojunction; exact measurement frequency is not reported.,2026-07-19,2026-08-22
xue-2023-hgte-gradient-80k,xue-2023-hgte-gradient-pin-device,4200,2.7e11,2.7,4200,0,80,"PDF p. 6, Figure 3c",directly_reported,,,,80,0,,,,,,,,,not_reported,not_reported,,,,not_reported,not_reported,,,,,,,not_reported,checked,2026-07-20,,measured_noise,spectrum_analyzer,SRS SR770 noise analyzer.,"PDF p. 10, Methods: Device fabrication and characterization",directly_reported,"PDF pp. 5-7, Figure 3 and Table 1",reviewed,unverified,,,The paper reports EQE greater than 77%; it is retained as an inequality in notes rather than entered as an exact EQE value.,2026-07-19,2026-08-22
xue-2023-hgte-gradient-200k,xue-2023-hgte-gradient-pin-device,4400,1.0e11,2.0,4400,0,200,"PDF p. 6, Figure 3c",graphically_extracted,,,,200,0,,,,,,,,,not_reported,not_reported,,,,not_reported,not_reported,,,,,,,not_reported,checked,2026-07-20,,measured_noise,spectrum_analyzer,SRS SR770 noise analyzer.,"PDF p. 10, Methods: Device fabrication and characterization",directly_reported,"PDF pp. 5-7, Figure 3f and Table 1",reviewed,unverified,,,Table 1 uses an approximately 4400 nm nominal wavelength for the temperature series.,2026-07-19,2026-08-22
xue-2023-hgte-gradient-280k,xue-2023-hgte-gradient-pin-device,4400,1.0e10,0.6,4400,0,280,"PDF p. 6, Figure 3c",directly_reported,,,,280,0,,,,,,,,,not_reported,not_reported,,,,not_reported,not_reported,,,,,,,not_reported,checked,2026-07-20,,measured_noise,spectrum_analyzer,SRS SR770 noise analyzer.,"PDF p. 10, Methods: Device fabrication and characterization",directly_reported,"PDF pp. 5-7, Figure 3f and Table 1",reviewed,unverified,,,Table 1 uses an approximately 4400 nm nominal wavelength for the temperature series.,2026-07-19,2026-08-22
xue-2023-hgte-gradient-300k,xue-2023-hgte-gradient-pin-device,3500,7.6e9,0.58,3500,0,300,"PDF p. 6, Figure 3c",graphically_extracted,,,,300,0,,,,,,,,,not_reported,not_reported,,,,not_reported,not_reported,,,,,,,not_reported,checked,2026-07-20,,measured_noise,spectrum_analyzer,SRS SR770 noise analyzer.,"PDF p. 10, Methods: Device fabrication and characterization",directly_reported,"PDF pp. 5-7, Figure 3h and Table 1",reviewed,unverified,,,Room-temperature spectral edge and measured-noise detectivity.,2026-07-19,2026-08-22
siddik-2025-inas-max,siddik-2025-inas-device,1210,2.5e11,0.25,1210,-1,298,"PDF p. 3, Table 1 and Figure 2b",directly_reported,,25,,298,-1,500,,,,,,,,not_reported,not_reported,,,,not_reported,not_reported,,,,,,,not_reported,checked,2026-07-20,Transient-photovoltage recombination lifetimes are excluded because they are not detector response times. Transient-photovoltage recombination lifetimes are excluded because they are not detector response times.,measured_noise,dedicated_noise_analyzer,Keysight E4727B Advanced Low-Frequency Noise Analyzer; the Experimental section also names a Keysight B1500 parameter analyzer as supporting instrumentation.,"PDF p. 7, Experimental section",directly_reported,"PDF pp. 3-4, Figure 2e-f and Table 1",reviewed,unverified,,,Maximum reported D*; the measured-noise result approaches 2.5e11 Jones at frequencies at or above 500 Hz. The E4727B is classified as the noise-acquisition instrument; the accompanying B1500 is not classified as an independent noise-acquisition method.,2026-07-19,2026-08-22
sheikh-2024-inas-znse-max,sheikh-2024-inas-znse-device,1450,1.2e10,0.17,1450,-1,,"PDF p. 7, Figure 5a",directly_reported,,14.9,,,-1,,,,0.00000106,Fall time; graphically fitted,,-1,"PDF p. 7, Figure 5d",measured,graphically_extracted,,,,not_reported,not_reported,,,,,,,not_reported,checked,2026-07-20,,measured_noise,not_reported,The supplied article refers to measured noise-current-density data in Figure S17 but does not identify the acquisition instrument.,"PDF p. 6, Figure 5c discussion and Supporting Information note",graphically_extracted,"PDF p. 6, Figure 5a-c and accompanying text",reviewed,unverified,,,Maximum reported D*; the peak wavelength is identified from the plotted spectral response. The response-time field records the reported fall time.,2026-07-19,2026-08-22
sun-2022-inas-max,sun-2022-inas-device,940,1.0e11,0.22,940,0,,"PDF pp. 2 and 6, Figure 4",directly_reported,25,30,25,,,500000,,,,,,,,not_reported,ambiguous,,,,not_reported,ambiguous,,,,,,,not_reported,checked,2026-07-20,The 2 ns fall time and 150 MHz cutoff belong to a separate 0.03 mm² pixel and remain device-level evidence. The 2 ns fall time and 150 MHz cutoff belong to a separate 0.03 mm² pixel and remain device-level evidence.,measured_noise,spectrum_analyzer,Agilent N9010A signal analyzer with a FEMTO DHPCA-100 low-noise transimpedance preamplifier.,"PDF p. 8, Noise Measurement",directly_reported,"PDF pp. 5-6, Figure 4c-d and accompanying text; PDF p. 8 noise methods",reviewed,amber,frequency_mismatch,"Detectivity combines responsivity or EQE acquired at a different frequency from the noise value used in the calculation, limiting direct comparability of the inputs.","Maximum reported D*. Methods report EQE/IQE with 25 Hz chopped light, while the measured noise value used for D* is reported at 500 kHz. The separately reported 2 ns response at 850 nm is not transferred to this record.",2026-07-19,2026-08-22
measurement-798a7e0d2116-1,device-798a7e0d2116-1,1540,230000000000,0.22,,,,,,,,,,0,1,,,,,,,,,,,,,,,,,,,,,,source_unavailable,2026-07-20,Main article unavailable during the 2026-07-20 reprocessing pass; existing extended values remain unverified. Main article unavailable during the 2026-07-20 reprocessing pass; existing extended values remain unverified.,measured_noise,dedicated_noise_analyzer,"p. 2: rent density–voltage (J–V) characteristics of Ag2Te QD photodetector was measured on a semiconductor analyzer (Keithley 4200A-SCS). The noise spectral density was measured using a… | p. 4: esponsivity, in is noise current (at 1 Hz), A is device area (0.06 cm2), and Δf is electrical bandwidth (1 Hz). The frequency-dependent noise spectral density was measured using a…",PDF page 2,directly_reported,PDF page 5,reviewed,unverified,,,"Automatically staged evidence: with the dark current in Fig. 3(d). And the noise current of the optimized device measured at 0 V was 4 × 10−13 A/Hz0.5 at 1 Hz, which was used in the calculation of D*. The optimized device achieved a responsivity of 0.22 A/W at 1540 nm under zero bias (Fig. S19 in the ESM), corresponding to a D* of 2.3 × 1011 Jones…",2026-07-20,2026-08-22
lee-2026-hgcdse-qd2-50khz,lee-2026-hgcdse-qd2-device,1355,1.4e12,,,,,,,,,,298,0,50000,1.939e-5,,,,,,,,,36000,,,,,,,,,,,,source_unavailable,2026-07-20,Main article unavailable during the 2026-07-20 reprocessing pass; existing extended values remain unverified. Main article unavailable during the 2026-07-20 reprocessing pass; existing extended values remain unverified.,measured_noise,lock_in_amplifier,Stanford Research Systems SR570 transimpedance preamplifier connected to an SR830 lock-in amplifier.,"Supporting Information PDF p. 6, Device characterization",directly_reported,"Main article PDF p. 7, Figure 5e; Supporting Information Figure S11a",reviewed,amber,lock_in_only_noise_measurement,The SR830 lock-in amplifier is the sole controlled noise-acquisition class; the SR570 transimpedance preamplifier is retained in the instrument details.,Maximum measured-noise D* at 50 kHz and 0 V. The response-time field records the 19.39 µs fall time; the reported rise time is 6.86 µs. The −3 dB bandwidth is 36 kHz.,2026-07-19,2026-07-20
lee-2026-hgcdse-qd1-50khz,lee-2026-hgcdse-qd1-device,1400,2.6e10,,,,,,,,,,298,0,50000,7.89e-5,,,,,,,,,30000,,,,,,,,,,,,source_unavailable,2026-07-20,Main article unavailable during the 2026-07-20 reprocessing pass; existing extended values remain unverified. Main article unavailable during the 2026-07-20 reprocessing pass; existing extended values remain unverified.,measured_noise,lock_in_amplifier,Stanford Research Systems SR570 transimpedance preamplifier connected to an SR830 lock-in amplifier.,"Supporting Information PDF p. 6, Device characterization",directly_reported,Main article PDF p. 7; Supporting Information Figure S11b,reviewed,amber,lock_in_only_noise_measurement,The SR830 lock-in amplifier is the sole controlled noise-acquisition class; the SR570 transimpedance preamplifier is retained in the instrument details.,Maximum measured-noise D* at 50 kHz and 0 V. The response-time field records the 78.9 µs fall time; the reported rise time is 75.2 µs. The −3 dB bandwidth is 30 kHz.,2026-07-19,2026-07-20
park-2026-inas-oldp-1500,park-2026-inas-oldp-device,1500,5.2e11,,,,,,,,,,,-0.15,,2.10e-7,,,,,,,,,,,,,,,,,,,,,source_unavailable,2026-07-20,Main article unavailable during the 2026-07-20 reprocessing pass; existing extended values remain unverified. Main article unavailable during the 2026-07-20 reprocessing pass; existing extended values remain unverified.,shot_noise_approximation,not_applicable,Detectivity calculated from the shot-noise expression using dark-current density; the Zurich Instruments MFLI lock-in was used only to verify frequency-resolved noise behavior and was not the noise term used for D*.,"Main article PDF, detectivity equation and frequency-resolved noise discussion",directly_reported,"Main article PDF, optimized InAs device results and Figure 3",reviewed,amber,shot_noise_approximation,The reported D* is calculated using a shot-noise approximation rather than directly measured noise.,Maximum optimized o-LDP InAs detectivity. The response-time field records the 210 ns fall time; the reported rise time is 24 ns.,2026-07-19,2026-07-20
park-2026-inas-ldp-1500,park-2026-inas-ldp-device,1500,2.8e11,,,,,,,,,,,-0.15,,,,,,,,,,,,,,,,,,,,,,,source_unavailable,2026-07-20,Main article unavailable during the 2026-07-20 reprocessing pass; existing extended values remain unverified. Main article unavailable during the 2026-07-20 reprocessing pass; existing extended values remain unverified.,shot_noise_approximation,not_applicable,Detectivity calculated from the shot-noise expression using dark-current density; no directly measured noise term was used for D*.,"Main article PDF, detectivity equation and device comparison",directly_reported,"Main article PDF, 1500 nm InAs device comparison",reviewed,amber,shot_noise_approximation,The reported D* is calculated using a shot-noise approximation rather than directly measured noise.,LDP InAs comparison device.,2026-07-19,2026-07-20
park-2026-pbs-ldp-1550,park-2026-pbs-ldp-device,1550,5.8e11,,,,,,,,,,,-0.1,,,,,,,,,,,,,,,,,,,,,,,source_unavailable,2026-07-20,Main article unavailable during the 2026-07-20 reprocessing pass; existing extended values remain unverified. Main article unavailable during the 2026-07-20 reprocessing pass; existing extended values remain unverified.,shot_noise_approximation,not_applicable,Detectivity calculated from the shot-noise expression using dark-current density; no directly measured noise term was used for D*.,"Main article PDF, detectivity equation and PbS device comparison",directly_reported,"Main article PDF, 1550 nm PbS device comparison",reviewed,amber,shot_noise_approximation,The reported D* is calculated using a shot-noise approximation rather than directly measured noise.,LDP PbS comparison device at the reported operating bias.,2026-07-19,2026-07-20
park-2026-pbs-hdp-1550,park-2026-pbs-hdp-device,1550,3.8e11,,,,,,,,,,,-0.1,,,,,,,,,,,,,,,,,,,,,,,source_unavailable,2026-07-20,Main article unavailable during the 2026-07-20 reprocessing pass; existing extended values remain unverified. Main article unavailable during the 2026-07-20 reprocessing pass; existing extended values remain unverified.,shot_noise_approximation,not_applicable,Detectivity calculated from the shot-noise expression using dark-current density; no directly measured noise term was used for D*.,"Main article PDF, detectivity equation and PbS device comparison",directly_reported,"Main article PDF, 1550 nm PbS device comparison",reviewed,amber,shot_noise_approximation,The reported D* is calculated using a shot-noise approximation rather than directly measured noise.,HDP PbS comparison device at the reported operating bias.,2026-07-19,2026-07-20
huang-2026-cdte-hgte-edt-1600,huang-2026-cdte-hgte-edt-device,1600,1.73e12,,,,,,,,50.5,,,0,500,,,,,,,,,,,,,,,,,,,,,,source_unavailable,2026-07-20,Main article unavailable during the 2026-07-20 reprocessing pass; existing extended values remain unverified. Main article unavailable during the 2026-07-20 reprocessing pass; existing extended values remain unverified.,measured_noise,dedicated_noise_analyzer,LFN-2000 low-frequency noise test system manufactured by Wuxi Xinjian Semiconductor-Tech Co. Ltd.,"Main article PDF p. 3, Device characterization",directly_reported,"Main article PDF pp. 6-7, Figure 4d-f",reviewed,unverified,,,Noise-current density is 1.0e-13 A Hz^-1/2 at 500 Hz. Measurements are described as room temperature; no numeric temperature is assigned.,2026-07-19,2026-08-22
huang-2026-cdte-hgte-untreated-1600,huang-2026-cdte-hgte-untreated-device,1600,8.5e11,,,,,,,,38.3,,,0,500,,,,,,,,,,,,,,,,,,,,,,source_unavailable,2026-07-20,Main article unavailable during the 2026-07-20 reprocessing pass; existing extended values remain unverified. Main article unavailable during the 2026-07-20 reprocessing pass; existing extended values remain unverified.,measured_noise,dedicated_noise_analyzer,LFN-2000 low-frequency noise test system manufactured by Wuxi Xinjian Semiconductor-Tech Co. Ltd.,"Main article PDF p. 3, Device characterization",directly_reported,"Main article PDF pp. 6-7, Figure 4d-f",reviewed,unverified,,,Noise-current density is 1.3e-13 A Hz^-1/2 at 500 Hz. Measurements are described as room temperature; no numeric temperature is assigned.,2026-07-19,2026-08-22
xia-2025-pbse-1640,xia-2025-pbse-1640-device,1640,3.1e12,,,,,,,,61.5,,,,500,,,,,,,,,,,,,,,,,,,,,,source_unavailable,2026-07-20,Main article unavailable during the 2026-07-20 reprocessing pass; existing extended values remain unverified. Main article unavailable during the 2026-07-20 reprocessing pass; existing extended values remain unverified.,measured_noise,not_reported,The article reports frequency-dependent measured noise but does not identify the acquisition-instrument model in the available evidence.,"Main article PDF p. 4, Figure 3f; Supporting Information noise material",directly_reported,"Main article PDF pp. 4-6, Figure 3e-f",reviewed,unverified,,,Bias and numeric temperature are not explicitly assigned to this spectral D* record.,2026-07-19,2026-08-22
xia-2025-pbse-2360,xia-2025-pbse-2360-device,2360,3.0e11,0.445,,,,,,,23.4,,,0,500,,,,,,,,,,,,,,,,,,,,,,source_unavailable,2026-07-20,Main article unavailable during the 2026-07-20 reprocessing pass; existing extended values remain unverified. Main article unavailable during the 2026-07-20 reprocessing pass; existing extended values remain unverified.,measured_noise,not_reported,The article reports frequency-dependent measured noise but does not identify the acquisition-instrument model in the available evidence.,Main article PDF p. 6 and Supporting Information Figure S19,directly_reported,"Main article PDF p. 6, Figure 3i; Supporting Information Figure S19",reviewed,unverified,,,Noise-current density is 4.16e-13 A Hz^-1/2 at 500 Hz and zero bias. The result is described as room temperature; no numeric temperature is assigned.,2026-07-19,2026-08-22
hu-2025-hgte-dh-1600,hu-2025-hgte-dh-device,1600,3.6e11,0.72,1600,0,,"PDF p. 7, Figure 3f and Supporting Figure S26",directly_reported,,56,,,,500,,,5.79e-7,10-90% fall time,532,0,"PDF p. 7, Figure 3i",measured,directly_reported,71000,0,"PDF p. 7, Figure 3h",measured,directly_reported,89,0.00006,1.6,mW cm^-2,89 dB at 0 V,"PDF p. 7, Figure 3e",directly_reported,checked,2026-07-20,The same paper reports 100 dB LDR at -0.2 V; the structured value retains the zero-bias condition. The same paper reports 100 dB LDR at -0.2 V; the structured value retains the zero-bias condition.,measured_noise,spectrum_analyzer,Agilent 35670A dynamic signal analyzer with a Stanford Research Systems SR570 low-noise current preamplifier.,"Main article PDF p. 8, Device Measurements",graphically_extracted,"Main article PDF pp. 5-8, Figure 3f-i and Device Measurements",reviewed,unverified,,,The 1600 nm position of the reported maximum was confirmed from Figure 3g. Measurements are described as room temperature; no numeric temperature is assigned. Bias is left blank because it is not unambiguously assigned to the D* spectrum. The response-time field records the 579 ns fall time.,2026-07-19,2026-08-22
tran-2026-cd3p2-homojunction-1100,tran-2026-cd3p2-homojunction-device,1100,1.32e11,,,,,,,,,,,-0.5,,,,,,,,,,,,,,,,,,,,,,,source_unavailable,2026-07-20,Main article unavailable during the 2026-07-20 reprocessing pass; existing extended values remain unverified. Main article unavailable during the 2026-07-20 reprocessing pass; existing extended values remain unverified.,unspecified,not_reported,Neither the main article nor the supplied Supporting Information identifies the noise basis or a noise-acquisition instrument.,Main article PDF p. 6; Supporting Information Figure S21 and Table S2,directly_reported,Main article PDF p. 6; Supporting Information Figure S21 and Table S2,reviewed,green,,,Supporting Information Table S2 assigns 1100 nm to this-work D* while the main text and Figure S21 caption assign -0.5 V. Table S2 instead lists 0 V; the co-located main-text and Figure S21 evidence is retained. The zero-bias EQE and transient values are not transferred to this row.,2026-07-19,2026-07-20
imran-2025-insb-1380,imran-2025-insb-device,1380,1.0e12,0.35,,,,,,,33,,,1,2000,,,,,,,,,,,,,,,,,,,,,,source_unavailable,2026-07-20,Main article unavailable during the 2026-07-20 reprocessing pass; existing extended values remain unverified. Main article unavailable during the 2026-07-20 reprocessing pass; existing extended values remain unverified.,measured_noise,lock_in_amplifier,Stanford Research Systems SR570 low-noise current preamplifier connected to a Stanford Research Systems SR830 lock-in amplifier; noise spectral density evaluated from 100 Hz to 10 kHz.,"Supporting Information DOCX, Device characterization",directly_reported,"Main article PDF pp. 6-7, Figure 5; Supporting Information DOCX, Device characterization",reviewed,amber,lock_in_only_noise_measurement,The SR830 lock-in amplifier is the sole controlled noise-acquisition class; the SR570 current preamplifier is retained in the instrument details.,The Keithley 2400 was used for J-V measurements rather than noise acquisition. The noise reached a 1.17e-13 A Hz^-1/2 plateau near 2 kHz. Measurements are described as room temperature without a numeric temperature.,2026-07-19,2026-07-20
kim-2026-inas-shape-1300,kim-2026-inas-shape-device,1300,3.37e10,0.0377,1300,,,"Main article PDF p. 9, Section 4.7 Device Characterization",directly_reported,,,,,0,20,,4.98e-7,4.64e-7,Rise and fall times; threshold convention not reported.,,0,"Main article PDF pp. 6-8, Figure S16 citation and Table 1",measured,directly_reported,650000,,"Main article PDF p. 6, Figure 4g and accompanying text; p. 9, Section 4.7",measured,directly_reported,73,,,,Reported as >73 dB under 1310 nm illumination; logarithmic convention not stated.,"Main article PDF p. 6, Figure 4f and accompanying text; p. 9, Section 4.7",directly_reported,source_unavailable,2026-08-19,"Main article checked; referenced Supporting Information was not supplied. Numeric rise/fall times, explicit 650 kHz -3 dB bandwidth, and >73 dB LDR are directly reported in the main article. Temporal illumination wavelength and bandwidth bias remain unresolved from the supplied source set.",measured_noise,lock_in_amplifier,FEMTO DLPCA-200 variable-gain low-noise transimpedance amplifier connected to a Zurich Instruments MFLI lock-in amplifier.,"Main article PDF p. 9, Device Characterization",directly_reported,"Main article PDF p. 6, Figure 4e; p. 9, Device Characterization",reviewed,amber,lock_in_only_noise_measurement,The MFLI lock-in amplifier is the sole controlled noise-acquisition class; the DLPCA-200 transimpedance amplifier is retained in the instrument details.,Noise-current density is 1.99e-13 A Hz^-1/2 at 20 Hz. The Keysight B1500A was used for J-V characterization and the SR830 for EQE rather than noise. The 19.1% EQE measured at -1 V is not transferred to this zero-bias record.,2026-07-19,2026-08-19
pi-2026-agbis2-mxene-980,pi-2026-agbis2-mxene-device,980,7.8e10,0.01,980,-0.3,,"SI p. 7, Table S1; main article p. 7, Figure 4a",directly_reported,,1.3,,,-0.3,,,0.0212,0.0182,SI Table S1 reports a 21.2 ms/18.2 ms response-time pair; interpreted in source order as rise/fall; threshold convention not stated.,980,,"SI p. 7, Table S1",measured,directly_reported,,,,not_reported,not_reported,80,,,,Reported LDR at 980 nm; logarithmic convention not stated.,"Main article p. 7, Figure 4g",directly_reported,checked,2026-08-26,"Complete main article and supplied Supporting Information checked. The SI reports 7.7e10 Jones at 980 nm versus 7.8e10 in the main text, treated as rounding. Response-time thresholds and an explicit -3 dB bandwidth are not reported.",measured_noise,not_reported,"The article reports a measured 100 Hz-100 kHz noise spectrum with a plateau above 10 kHz but does not identify the noise-acquisition instrument. Keithley 2400 and Agilent B1500A are assigned to J-V/transient characterization, not explicitly to noise.","Main article PDF pp. 2, 6-7, Section 2.4 and Figure 4c",directly_reported,"Main article PDF pp. 6-8, Figure 4c-d and conclusion; SI p. 7, Table S1",reviewed,unverified,,,Approved by Shlok on 2026-08-26. Signal responsivity/EQE and D* noise frequencies are not established. The -0.3 V operating bias is supported by Figure 4i and SI Table S1; separate transient panels use +0.3 V.,2026-07-19,2026-08-26
qin-2023-hgte-fpa-2500,qin-2023-hgte-fpa-device,2500,3.0e10,0.4,,,,,,,25,,,,,,,,,,,,,,,,,,,,,,,,,,source_unavailable,2026-07-20,Main article unavailable during the 2026-07-20 reprocessing pass; existing extended values remain unverified. Main article unavailable during the 2026-07-20 reprocessing pass; existing extended values remain unverified.,measured_noise,not_reported,The reported pixel noise includes the HgTe CQD detector ROIC and connecting wires; the supplied article does not identify the acquisition instrument used for the FPA noise histogram.,"Main article PDF p. 5, planar p-n junction FPA imager discussion",directly_reported,"Main article PDF pp. 5-6, Figure 3d-i",reviewed,unverified,,,The paper associates the FPA detectivity with a 2.5 um cutoff and reports responsivity at 2.5 um; the D* calculation uses calibrated blackbody illumination and system-level FPA noise rather than an explicitly stated monochromatic 2500 nm noise measurement. Reported values are approximately 3e10 Jones 0.4 +/- 0.04 A/W and 25 +/- 2% EQE at room temperature.,2026-07-19,2026-08-22
deng-2026-pbs-1500-1330,deng-2026-pbs-1500-device,1330,2.6e12,,,,,,,,49,,,0,,,,,,,,,,,,,,,,,,,,,,,source_unavailable,2026-07-20,"Supporting Information is referenced by the article but was not supplied; bandwidth, linear dynamic range, and any additional response metrics remain unverified.",measured_noise,oscilloscope_fft,Stanford Research Systems SR570 low-noise current preamplifier with FFT analysis on an Agilent DSO8104A Infinium oscilloscope.,"Main article PDF p. 8, Device Characterizations",directly_reported,"Main article PDF p. 5, Figure 3c and accompanying text",reviewed,unverified,,,"The main results report 2.6e12 Jones; a negative-exponent value in the conclusion is treated as a typographical error. The Keithley 2400 was used for J-V characterization, not noise acquisition.",2026-07-20,2026-08-22
deng-2026-pbs-50-1330,deng-2026-pbs-50-device,1330,1.2e12,,,,,,,,49,,,0,,,2e-9,,90%-to-10% photocurrent decay,1030,0,"Main article PDF pp. 5-6, Figure 3d-e and accompanying text",measured,directly_reported,,,,,,,,,,,,,source_unavailable,2026-07-20,"Supporting Information is referenced by the article but was not supplied; bandwidth, linear dynamic range, and any additional response metrics remain unverified.",measured_noise,oscilloscope_fft,Stanford Research Systems SR570 low-noise current preamplifier with FFT analysis on an Agilent DSO8104A Infinium oscilloscope.,"Main article PDF p. 8, Device Characterizations",directly_reported,"Main article PDF pp. 5-6, Figure 3c-e and accompanying text",reviewed,unverified,,,The paper states that EQE remains unchanged when the contact diameter decreases to 50 um. The 2 ns decay is assigned to the QDPD; the >100 MHz bandwidth and 11.7/6.5 ns transients belong to QDLED operation and are excluded.,2026-07-20,2026-08-22
leemans-2022-inasp-1140,leemans-2022-inasp-1140-device,1140,1.1e10,0.031,1140,-4,,"Main article PDF p. 5, Figure 4a and accompanying text",directly_reported,,,,,,,,,,,,,,,,,,,,,,,,,,,,source_unavailable,2026-07-20,"Supporting Information was not supplied. The main article reports a 0.6-1.6 us response-time range and approximately 400 us white-LED switching, but does not assign an exact numeric value to each curated device.",shot_noise_approximation,not_applicable,Detectivity was calculated from responsivity and dark current using a shot-noise approximation; no measured-noise acquisition instrument applies.,Main article PDF p. 5 and referenced Supporting Information Figures S7-S8,directly_reported,"Main article PDF p. 5, Figure 4a and accompanying text",reviewed,amber,shot_noise_approximation,Detectivity is based on a shot-noise model rather than a directly measured noise spectrum.,"The responsivity is reported at -4 V. The article does not unambiguously assign the detectivity values to a numeric bias in the supplied main text, so measurement bias is left blank. Keithley 2400 instruments were used for electrical characterization and a lock-in amplifier for EQE, not for noise measurement.",2026-07-20,2026-07-20
leemans-2022-inasp-1270,leemans-2022-inasp-1270-device,1270,6.1e9,0.029,1270,-4,,"Main article PDF p. 5, Figure 4a and accompanying text",directly_reported,,,,,,,,,,,,,,,,,,,,,,,,,,,,source_unavailable,2026-07-20,"Supporting Information was not supplied. The main article reports a 0.6-1.6 us response-time range and approximately 400 us white-LED switching, but does not assign an exact numeric value to each curated device.",shot_noise_approximation,not_applicable,Detectivity was calculated from responsivity and dark current using a shot-noise approximation; no measured-noise acquisition instrument applies.,Main article PDF p. 5 and referenced Supporting Information Figures S7-S8,directly_reported,"Main article PDF p. 5, Figure 4a and accompanying text",reviewed,amber,shot_noise_approximation,Detectivity is based on a shot-noise model rather than a directly measured noise spectrum.,"The responsivity is reported at -4 V. The article does not unambiguously assign the detectivity values to a numeric bias in the supplied main text, so measurement bias is left blank. Keithley 2400 instruments were used for electrical characterization and a lock-in amplifier for EQE, not for noise measurement.",2026-07-20,2026-07-20
leemans-2022-inasp-1400,leemans-2022-inasp-1400-device,1400,1.0e9,0.007,1400,-4,,"Main article PDF p. 5, Figure 4a and accompanying text",directly_reported,,,,,,,,,,,,,,,,,,,,,,,,,,,,source_unavailable,2026-07-20,"Supporting Information was not supplied. The main article reports a 0.6-1.6 us response-time range and approximately 400 us white-LED switching, but does not assign an exact numeric value to each curated device.",shot_noise_approximation,not_applicable,Detectivity was calculated from responsivity and dark current using a shot-noise approximation; no measured-noise acquisition instrument applies.,Main article PDF p. 5 and referenced Supporting Information Figures S7-S8,directly_reported,"Main article PDF p. 5, Figure 4a and accompanying text",reviewed,amber,shot_noise_approximation,Detectivity is based on a shot-noise model rather than a directly measured noise spectrum.,"The responsivity is reported at -4 V. The article does not unambiguously assign the detectivity values to a numeric bias in the supplied main text, so measurement bias is left blank. Keithley 2400 instruments were used for electrical characterization and a lock-in amplifier for EQE, not for noise measurement.",2026-07-20,2026-07-20
huang-2026-pbs-hsc60-1350-1hz,huang-2026-pbs-hsc60-device,1350,2.5e11,0.21,1350,,,Main article PDF p. 6 and Figure 3b (PDF p. 5),directly_reported,,,,,0,1,,,,,,,,,,92000,0,"Main article PDF pp. 5-6, Figure 3e",measured,directly_reported,97,,,,20 log10(Pmax/Pmin); reported as >97 dB,"Main article PDF pp. 5-6, Figure 3d and accompanying text",directly_reported,source_unavailable,2026-07-21,"Supporting Information was not supplied. The main article contains temporal traces but no numeric response, rise, or fall time; H-SC D* is described as both exceeding and approximately 2.5e11 Jones.",measured_noise,not_reported,Measured 1/f noise spectrum from 0.05 to 50 Hz at zero bias; 9.18e-14 A Hz^-1/2 at 1 Hz. Acquisition instrument not identified in the supplied main article.,"Main article PDF pp. 4-6, Figure 3a and accompanying text",directly_reported,"Main article PDF pp. 5-6, Figure 3c and accompanying text",reviewed,unverified,,,"Champion H-SC@60 °C device only. D* uses measured 1 Hz zero-bias noise. Stored 2.5e11 from the approximately/exceeding reported value; LDR stored as 97 dB with the reported >97 dB bound preserved. The 60 °C value is fabrication temperature, not operating temperature.",2026-07-21,2026-08-22
measurement-05e0a265ba8c-1,device-05e0a265ba8c-1,540,130000000000,66.7,540,-0.3,,Main PDF page 6,directly_reported,7,,,,-0.3,,,,,,,,,not_reported,not_reported,,,,not_reported,not_reported,,,,,,,not_reported,checked,2026-07-21,"Main article and SI checked. Bandwidth and LDR were not reported. Transient wavelength/definition were unspecified, so times are not duplicated here.",measured_noise,dedicated_noise_analyzer,"Noise: FS 380 semiconductor analyzer over 1–10^6 Hz. SR830 at 7 Hz measured responsivity, not noise; Keithley 2400 measured I–V/power response.",Supporting Information page 3,directly_reported,Main PDF page 6,reviewed,unverified,,,"At -0.3 V and 1 µW cm^-2, R = 66.7 A/W and measured-noise D* = 1.3 × 10^11 Jones.",2026-07-21,2026-08-22
measurement-05e0a265ba8c-2,device-05e0a265ba8c-1,1550,150000000000,77,1550,-0.3,,Main PDF page 6,directly_reported,7,,,,-0.3,,,0.000014,0.00002,Rising/falling times; threshold definition and transient wavelength not reported,,-0.3,Main PDF page 6,measured,directly_reported,,,,not_reported,not_reported,,,,,,,not_reported,checked,2026-07-21,Main article and SI checked. Bandwidth and LDR were not reported. Transient wavelength is not specified.,measured_noise,dedicated_noise_analyzer,"Noise: FS 380 semiconductor analyzer over 1–10^6 Hz. SR830 at 7 Hz measured responsivity, not noise; Keithley 2400 measured I–V/power response.",Supporting Information page 3,directly_reported,Main PDF page 6,reviewed,unverified,,,"At -0.3 V and 1 µW cm^-2, R = 77.0 A/W and measured-noise D* = 1.5 × 10^11 Jones.",2026-07-21,2026-08-22
measurement-ffcc0c4eac37-1,device-ffcc0c4eac37-1,620,88000000000,,,,,,not_reported,,,,,-2,,,,,,,,,not_reported,not_reported,,,,not_reported,not_reported,,,,,,,not_reported,source_unavailable,2026-07-21,Main article checked; Supporting Information was not supplied. No directly reported response time was found for 40TiO2 in the article text.,shot_noise_approximation,not_applicable,"D* assumes shot noise dominates NEP; Johnson and flicker noise were neglected. SR830 was used for EQE, not noise.","PDF page 9, Experimental Section",directly_reported,PDF page 5,reviewed,amber,shot_noise_approximation,Detectivity is a shot-noise approximation rather than a measured-noise result.,40TiO2 at 620 nm after -2 V biasing for 300 s.,2026-07-21,2026-07-21
measurement-ffcc0c4eac37-2,device-ffcc0c4eac37-2,620,880000000000,,,,,,not_reported,,,,,-2,,0.00000217,,,10–90% rise time under white-light pulsing,,-2,PDF page 7,measured,directly_reported,,,,not_reported,not_reported,,,,,,,not_reported,source_unavailable,2026-07-21,Main article checked; Supporting Information was not supplied. Bandwidth and LDR were not reported in the available source.,shot_noise_approximation,not_applicable,"D* assumes shot noise dominates NEP; Johnson and flicker noise were neglected. SR830 was used for EQE, not noise.","PDF page 9, Experimental Section",directly_reported,PDF page 5,reviewed,amber,shot_noise_approximation,Detectivity is a shot-noise approximation rather than a measured-noise result.,20C60-20TiO2 at 620 nm after -2 V biasing for 300 s.,2026-07-21,2026-07-21
measurement-c533f3ba2a4a-1,device-c533f3ba2a4a-1,600,7500000000000,0.4,,,,PDF page 5,directly_reported,,,,,-0.2,,0.0000015,,,Representative rise/decay time; prose does not distinguish the edge,540,,PDF page 5,measured,ambiguous,,,,not_reported,not_reported,169,,,dB,"20 log(Jph,upper/Jph,lower); linear photocurrent over nine orders of incident intensity",PDF page 7,directly_reported,checked,2026-07-21,"50 µs is the illumination pulse width, not response time. The alternative measured-noise lower-bound convention gives LDR >200 dB.",measured_noise,spectrum_analyzer,"Battery-powered readout: ADA4530 TIA, AD8065 bandpass stage, HP35670A dynamic signal analyzer. SR830 was for EQE, not noise.","PDF page 8, Experimental Section",directly_reported,PDF page 7,reviewed,unverified,,,BA n=5 noise 5.5 × 10^-15 A Hz^-1/2 over 1–100 Hz. The ≈2 × 10^14 Jones shot-noise estimate is held pending device-resolved SI evidence.,2026-07-21,2026-08-22
measurement-c533f3ba2a4a-2,device-c533f3ba2a4a-2,600,6000000000000,0.4,,,,PDF page 5,directly_reported,,,,,-0.2,,0.0000029,,,Representative rise/decay time; prose does not distinguish the edge,540,,PDF page 5,measured,ambiguous,,,,not_reported,not_reported,169,,,dB,"20 log(Jph,upper/Jph,lower); linear photocurrent over nine orders of incident intensity",PDF page 7,directly_reported,checked,2026-07-21,"50 µs is the illumination pulse width, not response time. The alternative measured-noise lower-bound convention gives LDR >200 dB.",measured_noise,spectrum_analyzer,"Battery-powered readout: ADA4530 TIA, AD8065 bandpass stage, HP35670A dynamic signal analyzer. SR830 was for EQE, not noise.","PDF page 8, Experimental Section",directly_reported,PDF page 7,reviewed,unverified,,,BA n=4 noise 6.5 × 10^-15 A Hz^-1/2 over 1–100 Hz. The ≈2 × 10^14 Jones shot-noise estimate is held pending device-resolved SI evidence.,2026-07-21,2026-08-22
dou-2014-pd3-550-zero,dou-2014-pd3-device,550,400000000000000,,,,,,not_reported,,,,,0,,,,,,,,,,ambiguous,,,,,ambiguous,100,,,dB,20 log(Jph*/Jd); reported as >100 dB,"Main article PDF pp. 3-4, Figure 4 and accompanying text",directly_reported,checked,2026-07-28,"Main article and public Supporting Information checked. Temporal and bandwidth values are area-specific, but the zero-bias D* row cannot be matched unambiguously to the 0.10 or 0.010 cm2 mask. The 2019 author correction to Equation 2 does not revise the reported D*.",shot_noise_approximation,not_applicable,D* calculated from dark-current shot noise using Equation 3.,"Main article PDF pp. 2-3, Equation 3",directly_reported,Main article PDF p. 3,reviewed,amber,shot_noise_approximation,Detectivity is calculated from a dark-current shot-noise approximation rather than measured noise.,Only the curator-approved PD3 result at 0 V is included; 550 nm is established by the surrounding detectivity characterization.,2026-07-28,2026-07-28
sutherland-2015-i3-600-neg0p2,sutherland-2015-i3-device,600,1000000000000,0.395,600,0,,Main article PDF pp. 2-3 Figure 2a and accompanying text,directly_reported,,,,,-0.2,220,,0.000001,0.000003,10-90% rise and 90-10% fall,640,0,Main article PDF pp. 3-4 Figure 3b and accompanying text,measured,directly_reported,,,,not_reported,not_reported,80,,,dB,Photocurrent and responsivity linear over >4 decades; reported as >80 dB,Main article PDF pp. 3-4 Figure 2c-d and accompanying text,directly_reported,source_unavailable,2026-07-28,Main article checked; Supporting Information was referenced but unavailable. LDR is a lower bound; no explicit -3 dB bandwidth was found in the main article.,measured_noise,lock_in_amplifier,SRS lock-in amplifier in voltage mode at 220 Hz across an external 8.2 Mohm series resistor; Keithley 2400 supplied bias only.,Main article PDF p. 6 Noise Current Measurements,directly_reported,Main article PDF pp. 4-5 Figure 4c and accompanying text,reviewed,amber,lock_in_only_noise_measurement,A lock-in amplifier was the sole noise-acquisition instrument class; the Keithley source meter supplied bias only.,Champion I3 device only; maximum D*=1e12 Jones at 600 nm and -0.2 V.,2026-07-28,2026-07-28
measurement-00f55628795b-1,device-00f55628795b-1,540,220000000000,0.32,540,0,,"PDF page 10, Table 3",directly_reported,,,,,0,,,0.0000063,0.0000109,10–90% rise time and 90–10% fall time under 540 nm pulsed illumination.,540,0,"PDF page 10, Table 3 and transient-response discussion",measured,directly_reported,64800,0,"PDF page 10, Table 3",measured,directly_reported,76.6,0.001,10,mW cm^-2,Calculated using Eq. S13 over the reported 540 nm irradiance range.,"PDF page 10, Table 3; embedded Supporting Information Eq. S13",directly_reported,checked,2026-08-02,Main article and embedded Supporting Information reviewed. Active area was not located as a numeric value.,shot_noise_approximation,not_applicable,Detectivity calculated using the shot-noise approximation rather than a measured noise spectrum.,"PDF page 10, Table 3 and detectivity discussion",directly_reported,"PDF page 10, Table 3",reviewed,amber,shot_noise_approximation,"Detectivity is based on the shot-noise approximation, not a directly measured noise spectrum.",Control: device-specific metrics reported together in Table 3 at 540 nm and zero bias.,2026-08-02,2026-08-02
measurement-00f55628795b-2,device-00f55628795b-2,540,578000000000,0.38,540,0,,"PDF page 10, Table 3",directly_reported,,,,,0,,,0.0000049,0.0000067,10–90% rise time and 90–10% fall time under 540 nm pulsed illumination.,540,0,"PDF page 10, Table 3 and transient-response discussion",measured,directly_reported,71900,0,"PDF page 10, Table 3",measured,directly_reported,92,0.001,10,mW cm^-2,Calculated using Eq. S13 over the reported 540 nm irradiance range.,"PDF page 10, Table 3; embedded Supporting Information Eq. S13",directly_reported,checked,2026-08-02,Main article and embedded Supporting Information reviewed. Active area was not located as a numeric value.,shot_noise_approximation,not_applicable,Detectivity calculated using the shot-noise approximation rather than a measured noise spectrum.,"PDF page 10, Table 3 and detectivity discussion",directly_reported,"PDF page 10, Table 3",reviewed,amber,shot_noise_approximation,"Detectivity is based on the shot-noise approximation, not a directly measured noise spectrum.",Bulk: device-specific metrics reported together in Table 3 at 540 nm and zero bias.,2026-08-02,2026-08-02
measurement-00f55628795b-3,device-00f55628795b-3,540,969000000000,0.44,540,0,,"PDF page 10, Table 3",directly_reported,,,,,0,,,0.0000046,0.0000065,10–90% rise time and 90–10% fall time under 540 nm pulsed illumination.,540,0,"PDF page 10, Table 3 and transient-response discussion",measured,directly_reported,,0,PDF pages 1 and 11,measured,ambiguous,99.5,0.001,10,mW cm^-2,Calculated using Eq. S13 over the reported 540 nm irradiance range.,"PDF page 10, Table 3; embedded Supporting Information Eq. S13",directly_reported,checked,2026-08-02,Main article and embedded Supporting Information reviewed. Active area was not located as a numeric value.,shot_noise_approximation,not_applicable,Detectivity calculated using the shot-noise approximation rather than a measured noise spectrum.,"PDF page 10, Table 3 and detectivity discussion",directly_reported,"PDF page 10, Table 3",reviewed,amber,shot_noise_approximation,"Detectivity is based on the shot-noise approximation, not a directly measured noise spectrum.",Bulk/n-side: Table 3 metrics retained; bandwidth omitted because the abstract reports 74.8 kHz while the results text reports 76.8 kHz.,2026-08-02,2026-08-02
measurement-b0fdb518c75e-1,device-b0fdb518c75e-1,940,2500000000000,0.5,940,-0.5,,"PDF page 6, Fig. 4 and accompanying text",directly_reported,,,,,-0.5,,,7.9e-7,8.8e-7,10–90% rise time and 90–10% fall time under a 540 nm square pulse; the paper also reports 0.19/0.74 µs under a 6 ns pulse.,540,,"PDF page 7, Fig. 5d–e and accompanying text",measured,directly_reported,,,,not_reported,ambiguous,,,,,,,ambiguous,source_unavailable,2026-08-02,"Main paper reviewed. Supporting Information cited by the article was not present in the staged source, so unverified extended metrics are not marked not-reported.",measured_noise,spectrum_analyzer,"Battery-powered ADA4530 transimpedance amplifier, AD8065 active bandpass amplifier (100 V/V), and HP35670A dynamic signal analyzer; dark, room-temperature spectrum measured from 1–100 Hz.","PDF page 8, PPD characterization",directly_reported,"PDF page 6, Fig. 4 and accompanying text; PDF page 8, PPD characterization",reviewed,unverified,,,Measured-noise D* maximum at 940 nm and −0.5 V. No single measurement frequency is assigned because the reported noise spectrum spans 1–100 Hz. This row remains green; the atlas has no evidence-supported amber reason for it.,2026-08-02,2026-08-22
measurement-b0fdb518c75e-3,device-b0fdb518c75e-1,940,70000000000000,0.5,940,-0.5,,"PDF page 6, Fig. 4 and accompanying text",directly_reported,,,,,-0.5,,,7.9e-7,8.8e-7,10–90% rise time and 90–10% fall time under a 540 nm square pulse; the paper also reports 0.19/0.74 µs under a 6 ns pulse.,540,,"PDF page 7, Fig. 5d–e and accompanying text",measured,directly_reported,,,,not_reported,ambiguous,,,,,,,ambiguous,source_unavailable,2026-08-02,"Main paper reviewed. Supporting Information cited by the article was not present in the staged source, so unverified extended metrics are not marked not-reported.",shot_noise_approximation,not_applicable,Shot-noise-limited detectivity calculation; no measured-noise instrument applies to this value.,"PDF page 6, detectivity discussion",directly_reported,"PDF page 6, detectivity discussion referencing Supplementary Fig. 16d",reviewed,amber,shot_noise_approximation,The 7 × 10^13 Jones maximum assumes predominating shot noise; the paper cautions that total noise usually differs from shot noise.,Shot-noise estimate retained separately from the measured-noise result and marked amber.,2026-08-02,2026-08-02
kim-2022-trication-fiber-htm-808,kim-2022-trication-fiber-htm-device,808,7.6e11,19.60,808,5,298.15,"Main article PDF p. 5, Table 1",directly_reported,,3008.9,,298.15,5,,,0.0000989,0.0001177,Rise and fall times; threshold convention not reported.,808,5,"Main article PDF p. 5, Table 1 and accompanying text; Supporting Information Figure S11",measured,directly_reported,,,,,,4.6,,,,At least 4.6 dB; limited by the maximum available laser power.,Main article PDF p. 3 and referenced Supporting Information Figure S8,directly_reported,source_unavailable,2026-08-03,"Main article reviewed; Supporting Information was not supplied. Table 1 directly reports the fiber/HTM D*, responsivity, EQE, wavelength, and rise/fall times. No explicit -3 dB bandwidth was found in the main article.",shot_noise_approximation,not_applicable,Detectivity was calculated assuming shot-noise-limited performance; no measured-noise acquisition instrument applies.,"Main article PDF p. 4, detectivity discussion",directly_reported,"Main article PDF p. 5, Table 1",reviewed,amber,shot_noise_approximation,Detectivity assumes shot-noise-limited performance rather than using a measured total-noise spectrum.,Curator-approved scope exception: the device has Ohmic contacts and trap-mediated photomultiplication gain characteristic of a photoconductor. The Keithley 2636B recorded J-V curves and the Tektronix DPO 2014 measured response time; neither acquired noise.,2026-08-03,2026-08-03
li-2020-perovskite-organic-bhj-870,li-2020-perovskite-organic-bhj-device,870,2.3e11,0.37,870,0,298.15,"Main article PDF p. 4, Figure 2d and accompanying text",directly_reported,70,,,298.15,-0.1,70,1.45e-7,,,Photocurrent decay from the peak to approximately 1/e after a single-exponential fit.,850,0,"Main article PDF pp. 4-5, Figure 3f and accompanying text",measured,directly_reported,,,,,,191,1.5e-12,5.6e-3,W cm^-2,20 log10(Pmax/Pmin) under 870 nm illumination.,"Main article PDF p. 4, Figure 3e and accompanying text",directly_reported,source_unavailable,2026-08-03,Main article reviewed; Supporting Information was not supplied. The 5.6 ns headline response belongs to a separate 0.1 mm2 device and is not attached to this 4.4 mm2 D* record. No explicit -3 dB bandwidth was established from the available source.,measured_noise,dedicated_noise_analyzer,ProPlus 9812D wafer-level 1/f noise characterization system; reported noise current 3.6e-13 A Hz^-1/2 at 70 Hz.,"Main article PDF p. 7, Device fabrication and measurements",directly_reported,"Main article PDF p. 4, Figure 3b and accompanying text",reviewed,green,,,"D* is plotted at -0.1 V, while the reported 0.37 A/W responsivity is derived from the zero-bias EQE spectrum; the metric-specific bias fields preserve this difference. Keithley 2601 was used for J-V measurements, not noise acquisition.",2026-08-03,2026-08-22
yang-2019-cs2agbibr6-445,yang-2019-cs2agbibr6-device,445,3.29e12,0.14,445,0,,"Main article PDF p. 4, Figure 3d and accompanying text",directly_reported,,,,,0,655,1.64e-7,,,Single-exponential decay fit under a 337 nm laser pulse with 4 ns pulse width.,337,0,Main article PDF p. 5 and referenced Supporting Information Figure S8a,measured,directly_reported,,,,,,193.4,2e-11,0.15,W cm^-2,20 log10(Pmax/Pmin) under 450 nm illumination.,"Main article PDF p. 4, Figure 3e and accompanying text",directly_reported,source_unavailable,2026-08-03,Main article reviewed; Supporting Information was not supplied. The 17 ns headline response belongs to a separate approximately 0.2 mm2 device and is not attached to this 7.25 mm2 D* record. No explicit -3 dB bandwidth was established from the available source.,measured_noise,lock_in_amplifier,Stanford Research Systems SR830 lock-in amplifier recorded the noise current used for D*.,"Main article PDF p. 7, Materials and Device Characterizations",directly_reported,"Main article PDF p. 4, Figure 3d and accompanying text",reviewed,amber,lock_in_only_noise_measurement,A lock-in amplifier was the sole reported noise-acquisition instrument for the detectivity calculation.,The Keithley 2400 measured J-V curves and did not acquire noise. The source reports an approximately 10 fA Hz^-1/2 device-noise floor and uses the lowest measured noise at 655 Hz. Temperature was not explicitly assigned to this D* result.,2026-08-03,2026-08-03
chang-2025-pbse-ag1-2500-zero-260hz,chang-2025-pbse-ag1-device,2500,4.8e10,,,,,Supporting Information Figure S5 referenced in main article PDF p. 3; Supporting Information not supplied,ambiguous,,9.5,,293.15,0,260,,,,"Temporal response was reported qualitatively; no numeric response, rise, or fall time was available in the supplied main article.",,,Main article PDF p. 5; referenced Supporting Information Figure S7 was not supplied,,ambiguous,11000,,Main article PDF p. 5 and referenced Supporting Information Figure S8,measured,directly_reported,99,,,,20 log10(Pmax/Pmin),Main article PDF p. 3 and referenced Supporting Information Figure S5,directly_reported,source_unavailable,2026-08-03,"Main article reviewed; Supporting Information Figures S5, S7, and S8 were referenced but not supplied. The main article directly reports the 99 dB LDR and 11 kHz -3 dB bandwidth, but no numeric temporal response or responsivity.",measured_noise,lock_in_amplifier,Lock-in amplifier combined with a 100 kHz wide-bandwidth preamplifier; model numbers not reported. Total noise current was approximately 7.8e-13 A Hz^-1/2 at zero bias and 260 Hz.,"Main article PDF pp. 3-4, Figure 2e and accompanying text",directly_reported,"Main article PDF pp. 1 and 4, Figure 2f and accompanying text",reviewed,amber,lock_in_only_noise_measurement,A lock-in amplifier was the sole reported noise-acquisition instrument for the detectivity calculation.,Room-temperature zero-bias D* at 2.5 µm. EQE was approximately 9.5% at the nearby 2.47 µm excitonic peak. The calculated 7.7e-13 A Hz^-1/2 thermal noise at 20 °C corroborates but does not replace the measured total-noise basis. No source measure unit was reported for noise acquisition. The undoped control D* was not numerically reported and was not imported.,2026-08-03,2026-08-03
yu-2025-hgte-au-1600-zero-500hz,yu-2025-hgte-au-device,1600,1600000000000,0.76,1610,0,,"Main article PDF p. 6, Figure 4c and accompanying text",directly_reported,,,,298.15,0,500,,0.0000021,0.0000022,10–90% rise time and 90–10% fall time under 1550 nm pulsed illumination.,1550,0,"Main article PDF p. 7, Figure 5b and accompanying text",measured,directly_reported,67000,0,"Main article PDF p. 7, Figure 5c and accompanying text",measured,directly_reported,102,,,,Reported linear dynamic range under 1550 nm illumination.,"Main article PDF p. 7, Figure 5d and accompanying text",directly_reported,source_unavailable,2026-08-11,Main article reviewed. Supporting Information was referenced but not supplied. The detectivity peak is stored at the curator-directed wavelength of 1600 nm; Figure 4f places the peak in the same SWIR band.,measured_noise,dedicated_noise_analyzer,"Low-Frequency Noise Test System LFN-2000 (Wuxi XINJIAN Semiconductor Technology Co., Ltd.) measured the room-temperature noise spectrum; D* uses the 500 Hz noise current.","Main article PDF pp. 6 and 8, Figure 4e–f and Experimental Section",directly_reported,"Main article PDF p. 6, Figure 4e–f and accompanying text",reviewed,unverified,,,Curator directed that the reported maximum be recorded at 1600 nm. The separately reported responsivity maximum is 0.76 A/W at 1610 nm.,2026-08-11,2026-08-22
di-2024-mxene-pbs-940-zero-10khz,di-2024-mxene-pbs-device,940,5510000000000,0.19,940,0,,"Main article PDF p. 5, Figure 2d and accompanying text",directly_reported,,,,298.15,0,10000,,5e-7,5e-7,10–90% rise time and 90–10% fall time under 940 nm pulsed illumination.,940,0,"Main article PDF p. 5, Figure 2d and accompanying text",measured,directly_reported,760000,0,"Main article PDF p. 5, Figure 2e and accompanying text",measured,directly_reported,140,2e-7,2,W cm^-2,20 log10(Pmax/Pmin) under 940 nm illumination.,"Main article PDF pp. 3–4, linear dynamic range discussion",directly_reported,source_unavailable,2026-08-11,Main article reviewed. Supporting Information was referenced but not supplied.,measured_noise,spectrum_analyzer,Keysight 35670A dynamic signal analyzer with a battery-powered Stanford Research Systems SR570 low-noise current preamplifier.,"Main article PDF p. 7, Device Characterization",directly_reported,"Main article PDF p. 5, Figure 2f and accompanying text",reviewed,amber,below_preamplifier_noise_floor,Measured noise is below the noise floor of SR570 preamplifier.,Curator-confirmed amber classification. The exact SR570 noise-floor caution is preserved for display.,2026-08-11,2026-08-11
huangfu-2025-passivated-760-zero,huangfu-2025-passivated-device,760,2400000000000,0.45,760,0,,"Main article PDF p. 8, Figure 5a–b and accompanying text",directly_reported,,86.6,,,0,,,0.00001,0.000036,Reported rise and fall times; threshold convention not specified.,650,0,"Main article PDF p. 8, Figure 5c–d and accompanying text",measured,directly_reported,,,,not_reported,not_reported,,,,,,,not_reported,checked,2026-08-11,Main article reviewed; no Supporting Information was referenced. No explicit -3 dB bandwidth or linear dynamic range was reported.,shot_noise_approximation,not_applicable,Detectivity was calculated from responsivity and dark current using the shot-noise expression; no measured-noise acquisition instrument applies.,"Main article PDF p. 8, Equation 2 and accompanying text",directly_reported,"Main article PDF p. 8, Figure 5a–b and accompanying text",reviewed,amber,shot_noise_approximation,Detectivity is based on a shot-noise approximation rather than a measured total-noise spectrum.,Curator confirmed Huangfu et al. as amber for shot-noise-derived detectivity.,2026-08-11,2026-08-11
zhang-2018-fapbi3-770-neg1,zhang-2018-fapbi3-device,770,3100000000000,0.95,650,-1,,"Main article PDF p. 5, Figure 3d and accompanying text",directly_reported,,,,298.15,-1,,,0.0000072,0.0000195,Rise to 90% and fall to 10% under 530 nm pulsed illumination.,530,-0.5,"Main article PDF p. 6, Figure 5a–b and accompanying text",measured,directly_reported,215000,-0.5,"Main article PDF pp. 6–7, Figure 5c and accompanying text",measured,directly_reported,92,,,,20 log10(Pmax/Pmin) under 530 nm illumination at -0.2 V.,"Main article PDF p. 5, Figure 4b and accompanying text",directly_reported,source_unavailable,2026-08-11,Main article reviewed. Supporting Information was referenced but not supplied. Only the curator-directed maximum-D* device row is retained; the three lower 650 nm Table 1 values are excluded.,shot_noise_approximation,not_applicable,Detectivity was calculated using a shot-noise approximation based on dark current; no measured-noise acquisition instrument applies.,"Main article PDF p. 6, detectivity equation and discussion",directly_reported,"Main article PDF p. 6, Figure 4c and accompanying text",reviewed,amber,shot_noise_approximation,Detectivity is based on a shot-noise approximation rather than a measured total-noise spectrum.,"Only the maximum reported device result is included, per curator direction: 3.1e12 Jones at 770 nm and -1 V.",2026-08-11,2026-08-11
measurement-74024208aab5-1,device-74024208aab5-1,1550,1600000000000,0.9,1550,0,295,"PDF page 9, Noise Equivalent Power Measurement and Specific Detectivity Calculation",directly_reported,,70,,295,0,1000,,,,,,,,not_reported,not_reported,,,,not_reported,not_reported,,,,,,,not_reported,checked,2026-08-12,"Main article and embedded Supporting Information were checked. The 7 ns, 1540 nm fall time is excluded from this D* row because it belongs to a separate 0.01 mm2 device; no explicit -3 dB bandwidth or LDR is assigned.",measured_noise,lock_in_amplifier,SR830 lock-in amplifier operated in noise-measurement mode with an SR570 low-noise current preamplifier; dark shielded enclosure under nitrogen at 295 K and 1 kHz.,"PDF page 9, Noise Equivalent Power Measurement and Specific Detectivity Calculation",directly_reported,PDF page 10,reviewed,amber,lock_in_only_noise_measurement,"The SR830 lock-in amplifier was the sole noise-acquisition class, operating in noise-measurement mode after an SR570 preamplifier.","Approved by Shlok on 2026-08-12 after device/measurement correction. Measured noise current is 1.7e-13 A Hz^-1/2; D*=1.6e12 Jones at 1550 nm, 0 V, 295 K, and 1 kHz. The separate 7 ns timing result is not attached.",2026-08-12,2026-08-12
measurement-74024208aab5-2,device-74024208aab5-2,1550,600000000000,,,,,,not_reported,,45,,295,0,1000,,,,,,,,not_reported,not_reported,,,,not_reported,not_reported,,,,,,,not_reported,checked,2026-08-12,"Main article and embedded Supporting Information were checked. The separately reported 20 ns, 1540 nm control-device fall time belongs to a 0.01 mm2 timing device and is excluded from this 0.09 cm2 D* row.",measured_noise,lock_in_amplifier,SR830 lock-in amplifier operated in noise-measurement mode with an SR570 low-noise current preamplifier; dark shielded enclosure under nitrogen at 295 K and 1 kHz.,"PDF page 9, Noise Equivalent Power Measurement and Specific Detectivity Calculation",directly_reported,"PDF pages 2 and 7, Results and Figure 4d discussion",reviewed,amber,lock_in_only_noise_measurement,"The SR830 lock-in amplifier was the sole noise-acquisition class, operating in noise-measurement mode after an SR570 preamplifier.","Approved by Shlok on 2026-08-12 as the standard-PbS control row. Measured noise current is 2.9e-13 A Hz^-1/2; D*=6e11 Jones at 1550 nm, 0 V, 295 K, and 1 kHz. The separate 20 ns timing result is not attached.",2026-08-12,2026-08-12
chen-2025-pbs-meo2pacz-1200-zero-1hz,chen-2025-pbs-meo2pacz-device,1200,1640000000000,,,,,,,,,,,0,1,,,,,,,,source_limited,ambiguous,62000,0,"Main article PDF pp. 4–5, Figure 2e",measured,directly_reported,92,,,,Reported linear dynamic range under 1310 nm illumination.,"Main article PDF p. 6, Figure 3b",directly_reported,source_unavailable,2026-08-12,Main article reviewed; Supporting Information was referenced but unavailable. Exact rise and fall times are reported only in Table S6.,measured_noise,not_reported,Measured noise spectral density was used at 1 Hz; the source does not identify the internal noise-acquisition instrument chain.,Main article PDF pp. 3 and 5,graphically_extracted,"Main article PDF p. 5, Figure 2i and accompanying text",reviewed,green,,,"Approved by Shlok on 2026-08-12. The 1.64e12-Jones peak wavelength is approximately 1200 nm from Figure 2i. The Keithley 4200 is reported for J–V, not noise.",2026-08-12,2026-08-12
yan-2025-famacs-ctrl-532-zero,yan-2025-famacs-ctrl-device,532,222000000000,0.16,532,0,300,"Main article PDF p. 6, Figure 4b",directly_reported,,,,300,0,,,0.000001,0.0000011,10–90% rise time and 90–10% fall time.,532,0,"Main article PDF p. 7, Figure 5a",measured,directly_reported,450000,0,"Main article PDF p. 7, Figure 5b",instrument_limited,directly_reported,106,,,,Highest reported measured linear dynamic range under 532 nm illumination.,"Main article PDF p. 6, Figure 4f",directly_reported,source_unavailable,2026-08-12,Main article reviewed; Supporting Information was referenced but unavailable. The approximately 450 kHz bandwidth is instrument-limited.,measured_noise,not_reported,Measured noise spectrum includes the observed low-frequency 1/f contribution; the acquisition instrument is not identified.,"Main article PDF p. 6, Figure 4c–d",directly_reported,"Main article PDF p. 6, Figure 4d",reviewed,unverified,,,Approved by Shlok on 2026-08-12. Modeled intrinsic detectivity up to 30× higher and modeled LDR above 200 dB are excluded.,2026-08-12,2026-08-22
yan-2025-famacs-tgti-635-zero,yan-2025-famacs-tgti-device,635,370000000000,0.33,635,0,300,"Main article PDF p. 6, Figure 4b",directly_reported,,,,300,0,,,0.0000014,0.0000015,10–90% rise time and 90–10% fall time.,532,0,"Main article PDF p. 7, Figure 5a",measured,directly_reported,250000,0,"Main article PDF p. 7, Figure 5b",lower_bound,directly_reported,96.8,,,,Reported linear dynamic range under 532 nm illumination.,"Main article PDF p. 4, Figure 3d",directly_reported,source_unavailable,2026-08-12,Main article reviewed; Supporting Information was referenced but unavailable. Bandwidth is reported as slightly above 250 kHz.,measured_noise,not_reported,Measured noise spectrum includes the observed low-frequency 1/f contribution; the acquisition instrument is not identified.,"Main article PDF p. 6, Figure 4c–d",directly_reported,"Main article PDF p. 6, Figure 4d",reviewed,unverified,,,Approved by Shlok on 2026-08-12. Modeled intrinsic detectivity up to 30× higher and modeled LDR above 200 dB are excluded.,2026-08-12,2026-08-22
yan-2025-famacs-tgtib-635-zero,yan-2025-famacs-tgtib-device,635,451000000000,0.4,635,0,300,"Main article PDF p. 6, Figure 4b",directly_reported,,,,300,0,,,0.0000012,0.000001,10–90% rise time and 90–10% fall time.,532,0,"Main article PDF p. 7, Figure 5a",measured,directly_reported,250000,0,"Main article PDF p. 7, Figure 5b",lower_bound,directly_reported,93.7,,,,Reported linear dynamic range under 532 nm illumination.,"Main article PDF p. 4, Figure 3d",directly_reported,source_unavailable,2026-08-12,Main article reviewed; Supporting Information was referenced but unavailable. Bandwidth is reported as slightly above 250 kHz.,measured_noise,not_reported,Measured noise spectrum includes the observed low-frequency 1/f contribution; the acquisition instrument is not identified.,"Main article PDF p. 6, Figure 4c–d",directly_reported,"Main article PDF p. 6, Figure 4d",reviewed,unverified,,,Approved by Shlok on 2026-08-12. Modeled intrinsic detectivity up to 30× higher and modeled LDR above 200 dB are excluded.,2026-08-12,2026-08-22
kim-2023-mapbi3-pmma-700-zero,kim-2023-mapbi3-pmma-device,700,1070000000000,0.401,700,0,,"Main article PDF p. 6, Figure 3a",graphically_extracted,,,,,0,,,0.00005,0.000017,10–90% rise time and 90–10% fall time under 637 nm illumination.,637,0,"Main article PDF p. 9, Figure 6",measured,directly_reported,13300,0,"Main article PDF p. 9, Figure 6",measured,directly_reported,127,,,,Reported linear dynamic range under 637 nm illumination.,"Main article PDF p. 7, Figure 4",directly_reported,checked,2026-08-12,Main article reviewed; no separate Supporting Information was required for the retained metrics.,measured_noise,source_measure_unit,Keithley 2636 source-measure unit acquired the dark-current time trace at 1 kHz sampling; noise spectral density was obtained by FFT.,"Main article PDF p. 3, Methods",graphically_extracted,"Main article PDF p. 7, Figure 4",reviewed,amber,source_measure_unit_noise_measurement,Noise was derived from an SMU dark-current time trace; sub-0.1 Hz flicker behavior was not demonstrated.,Approved by Shlok on 2026-08-12. The reported 1 Hz bandwidth is not stored as measurement frequency. Shot-noise approximation of 4.5e13 Jones is excluded.,2026-08-12,2026-08-12
kim-2023-mapbi3-reference-700-zero,kim-2023-mapbi3-reference-device,700,97000000000,0.386,700,0,,"Main article PDF p. 6, Figure 3a",graphically_extracted,,,,,0,,,0.000049,0.000018,10–90% rise time and 90–10% fall time under 637 nm illumination.,637,0,"Main article PDF p. 9, Figure 6",measured,directly_reported,14000,0,"Main article PDF p. 9, Figure 6",measured,directly_reported,124,,,,Reported linear dynamic range under 637 nm illumination.,"Main article PDF p. 7, Figure 4",directly_reported,checked,2026-08-12,Main article reviewed; no separate Supporting Information was required for the retained metrics.,measured_noise,source_measure_unit,Keithley 2636 source-measure unit acquired the dark-current time trace at 1 kHz sampling; noise spectral density was obtained by FFT.,"Main article PDF p. 3, Methods",graphically_extracted,"Main article PDF p. 7, Figure 4",reviewed,amber,source_measure_unit_noise_measurement,Noise was derived from an SMU dark-current time trace; sub-0.1 Hz flicker behavior was not demonstrated.,Approved by Shlok on 2026-08-12. The reported 1 Hz bandwidth is not stored as measurement frequency. Shot-noise approximation of 2.5e13 Jones is excluded.,2026-08-12,2026-08-12
zheng-2025-pixelated-425-60hz,zheng-2025-pixelated-array-device,425,23800000000000,,,,,,,,,,,,60,,0.00000394,0.00000481,Turn-on and turn-off transient times; threshold definition not reported.,,,"Main article PDF p. 5, Figure 3f",measured,directly_reported,,,,,not_reported,78,,,,Reported quasi-linear optical-input response; exact logarithmic definition not stated.,"Main article PDF p. 5, Figure 3f",directly_reported,source_unavailable,2026-08-14,Main article reviewed; Supporting Information was referenced but unavailable. D* uncertainty is ±0.92e13 Jones. Bias and the noise-acquisition instrument are unresolved.,measured_noise,not_reported,"Frequency-dependent noise current was measured at 60 Hz, but the supplied article does not identify the acquisition instrument.","Main article PDF p. 5, Figure 3d–e",directly_reported,"Main article PDF p. 3, detectivity discussion; PDF p. 5, Figure 3e",reviewed,green,,,Approved by Shlok on 2026-08-14. The measured-noise D*ext value is retained; D*peak and literature-comparison claims are excluded.,2026-08-14,2026-08-14
zheng-2025-unpatterned-425-60hz,zheng-2025-unpatterned-array-device,425,6840000000000,,,,,,,,,,,,60,,,,,,,,,not_reported,,,,,not_reported,,,,,,,not_reported,source_unavailable,2026-08-14,Main article reviewed; Supporting Information was referenced but unavailable. D* uncertainty is ±6.31e12 Jones. Bias and the noise-acquisition instrument are unresolved.,measured_noise,not_reported,"Frequency-dependent noise current was measured at 60 Hz, but the supplied article does not identify the acquisition instrument.","Main article PDF p. 5, Figure 3d–e",directly_reported,"Main article PDF p. 3, detectivity discussion; PDF p. 5, Figure 3e",reviewed,green,,,Approved by Shlok on 2026-08-14. The measured-noise D*ext value is retained; D*peak and literature-comparison claims are excluded.,2026-08-14,2026-08-14
kim-2025-mapbi3-paapi-660-zero,kim-2025-mapbi3-paapi-device,660,78200000000,0.343,660,0,,"Main article PDF p. 11, Figure 5b",directly_reported,,,,,0,,,0.000061,0.000018,10–90% rise time and 90–10% decay time under 637 nm illumination.,637,0,"Main article PDF p. 15, Figure 7a",measured,directly_reported,12900,0,"Main article PDF p. 15, Figure 7c",measured,directly_reported,103,,,,20 log10(Iph/Idark) under 637 nm illumination.,"Main article PDF p. 12, Figure 5f and Equation 3",directly_reported,checked,2026-08-14,Main article reviewed; no separate Supporting Information was required. The reported 1 Hz quantity is noise bandwidth and is not stored as measurement frequency.,measured_noise,source_measure_unit,Keithley 2636 source-measure unit acquired the zero-bias dark-current time trace at 1 kHz sampling; noise spectral density was obtained by FFT.,"Main article PDF p. 4, Device Characterization; PDF p. 13, Figure 6a",directly_reported,"Main article PDF pp. 13–14, Figure 6c",reviewed,amber,source_measure_unit_noise_measurement,Noise was derived from an SMU dark-current time trace; sub-0.1 Hz flicker behavior was not demonstrated.,Approved by Shlok on 2026-08-14. Figure 6 spans approximately 0.1–300 Hz. The 7.98e12-Jones shot-noise estimate and calculated decay-time bandwidth are excluded.,2026-08-14,2026-08-14
kim-2025-mapbi3-reference-660-zero,kim-2025-mapbi3-reference-device,660,1600000000,0.325,630,0,,"Main article PDF p. 11, Figure 5b",directly_reported,,,,,0,,,0.000067,0.00002,10–90% rise time and 90–10% decay time under 637 nm illumination.,637,0,"Main article PDF p. 15, Figure 7a",measured,directly_reported,10700,0,"Main article PDF p. 15, Figure 7c",measured,directly_reported,72,,,,20 log10(Iph/Idark) under 637 nm illumination.,"Main article PDF p. 12, Figure 5f and Equation 3",directly_reported,checked,2026-08-14,Main article reviewed; no separate Supporting Information was required. The reported 1 Hz quantity is noise bandwidth and is not stored as measurement frequency.,measured_noise,source_measure_unit,Keithley 2636 source-measure unit acquired the zero-bias dark-current time trace at 1 kHz sampling; noise spectral density was obtained by FFT.,"Main article PDF p. 4, Device Characterization; PDF p. 13, Figure 6a",directly_reported,"Main article PDF pp. 13–14, Figure 6c",reviewed,amber,source_measure_unit_noise_measurement,Noise was derived from an SMU dark-current time trace; sub-0.1 Hz flicker behavior was not demonstrated.,Approved by Shlok on 2026-08-14. Figure 6 spans approximately 0.1–300 Hz. The 7.08e12-Jones shot-noise estimate and calculated decay-time bandwidth are excluded.,2026-08-14,2026-08-14
kim-2025-pbs-ethanedithiol-940-neg2,kim-2025-pbs-ethanedithiol-device,940,1.1e13,,,,,,ambiguous,,,,,-2,,,,,,,,,,ambiguous,,,,,ambiguous,,,,,,,ambiguous,source_unavailable,2026-08-14,Main article reviewed; Supporting Information was referenced but not supplied. No explicit -3 dB cutoff was established; the reported 1.1 MHz bandwidth and demonstrated switching above 200 kHz are not stored as -3 dB bandwidth.,unspecified,not_reported,"The main article reports frequency-dependent flicker (1/f) noise and plotted noise current, but does not establish the noise basis or acquisition method used for each D* value, especially at high reverse bias.",Main article PDF p. 6 and Figure 4b-c; Supplementary Figure 18 referenced but not supplied,directly_reported,"Main article PDF p. 6, Figure 4b and accompanying text",reviewed,amber,noise_method_not_reported,"The noise methodology used for D* is not reported, and the curator notes that noise is likely elevated under the high reverse biases used for avalanche multiplication.",Approved by Shlok on 2026-08-14 with a paper-wide amber override: noise method not reported; likely high-bias noise is high.,2026-08-14,2026-08-14
kim-2025-pbs-ethanedithiol-940-neg20,kim-2025-pbs-ethanedithiol-device,940,5.6e13,,,,,,ambiguous,,,,,-20,,,8.5e-7,,Reported rise time; threshold convention not specified.,940,,"Main article PDF pp. 6-7, Figure 4a and accompanying text",measured,directly_reported,,,,,ambiguous,,,,,,,ambiguous,source_unavailable,2026-08-14,Main article reviewed; Supporting Information was referenced but not supplied. No explicit -3 dB cutoff was established; the reported 1.1 MHz bandwidth and demonstrated switching above 200 kHz are not stored as -3 dB bandwidth. The D* value is reported approximately.,unspecified,not_reported,"The main article reports frequency-dependent flicker (1/f) noise and plotted noise current, but does not establish the noise basis or acquisition method used for each D* value, especially at high reverse bias.",Main article PDF p. 6 and Figure 4b-c; Supplementary Figure 18 referenced but not supplied,directly_reported,"Main article PDF pp. 6-7, Figure 4c and accompanying text",reviewed,amber,noise_method_not_reported,"The noise methodology used for D* is not reported, and the curator notes that noise is likely elevated under the high reverse biases used for avalanche multiplication.",Approved by Shlok on 2026-08-14 with a paper-wide amber override: noise method not reported; likely high-bias noise is high.,2026-08-14,2026-08-14
kim-2025-pbs-propanedithiol-940-neg2,kim-2025-pbs-propanedithiol-device,940,6e12,,,,,,ambiguous,,,,,-2,,,,,,,,,,ambiguous,,,,,ambiguous,,,,,,,ambiguous,source_unavailable,2026-08-14,Main article reviewed; Supporting Information was referenced but not supplied. No explicit -3 dB cutoff was established; the reported 1.1 MHz bandwidth and demonstrated switching above 200 kHz are not stored as -3 dB bandwidth. D* is graphically extracted to one significant digit.,unspecified,not_reported,"The main article reports frequency-dependent flicker (1/f) noise and plotted noise current, but does not establish the noise basis or acquisition method used for each D* value, especially at high reverse bias.",Main article PDF p. 6 and Figure 4b-c; Supplementary Figure 18 referenced but not supplied,graphically_extracted,"Main article PDF p. 7, Figure 4b",reviewed,amber,noise_method_not_reported,"The noise methodology used for D* is not reported, and the curator notes that noise is likely elevated under the high reverse biases used for avalanche multiplication.",Approved by Shlok on 2026-08-14 with a paper-wide amber override: noise method not reported; likely high-bias noise is high.,2026-08-14,2026-08-14
kim-2025-pbs-propanedithiol-940-neg24p5,kim-2025-pbs-propanedithiol-device,940,1.4e14,,,,,,ambiguous,,239,,,-24.5,,,1e-6,,Reported rise time; threshold convention not specified.,940,,"Main article PDF pp. 6-7, Figure 4a and accompanying text",measured,directly_reported,,,,,ambiguous,124,,,,Reported LDR; exact logarithmic convention not stated.,"Main article PDF p. 7, Figure 4e and accompanying text",directly_reported,source_unavailable,2026-08-14,Main article reviewed; Supporting Information was referenced but not supplied. No explicit -3 dB cutoff was established; the reported 1.1 MHz bandwidth and demonstrated switching above 200 kHz are not stored as -3 dB bandwidth. EQE is approximately 239% at a separate -20 V condition. The 124 dB LDR is assigned to the representative PropaneDT champion device; its bias is not explicitly stated.,unspecified,not_reported,"The main article reports frequency-dependent flicker (1/f) noise and plotted noise current, but does not establish the noise basis or acquisition method used for each D* value, especially at high reverse bias.",Main article PDF p. 6 and Figure 4b-c; Supplementary Figure 18 referenced but not supplied,directly_reported,"Main article PDF pp. 1 and 6-7, Figure 4c-d and accompanying text",reviewed,amber,noise_method_not_reported,"The noise methodology used for D* is not reported, and the curator notes that noise is likely elevated under the high reverse biases used for avalanche multiplication.",Approved by Shlok on 2026-08-14 with a paper-wide amber override: noise method not reported; likely high-bias noise is high.,2026-08-14,2026-08-14
kim-2025-pbs-pentanedithiol-940-neg2,kim-2025-pbs-pentanedithiol-device,940,5e10,,,,,,ambiguous,,,,,-2,,,,,,,,,,ambiguous,,,,,ambiguous,,,,,,,ambiguous,source_unavailable,2026-08-14,Main article reviewed; Supporting Information was referenced but not supplied. No explicit -3 dB cutoff was established; the reported 1.1 MHz bandwidth and demonstrated switching above 200 kHz are not stored as -3 dB bandwidth. D* is graphically extracted to one significant digit.,unspecified,not_reported,"The main article reports frequency-dependent flicker (1/f) noise and plotted noise current, but does not establish the noise basis or acquisition method used for each D* value, especially at high reverse bias.",Main article PDF p. 6 and Figure 4b-c; Supplementary Figure 18 referenced but not supplied,graphically_extracted,"Main article PDF p. 7, Figure 4b",reviewed,amber,noise_method_not_reported,"The noise methodology used for D* is not reported, and the curator notes that noise is likely elevated under the high reverse biases used for avalanche multiplication.",Approved by Shlok on 2026-08-14 with a paper-wide amber override: noise method not reported; likely high-bias noise is high.,2026-08-14,2026-08-14
kim-2025-pbs-pentanedithiol-940-neg30,kim-2025-pbs-pentanedithiol-device,940,3e12,,,,,,ambiguous,,,,,-30,,,1.85e-6,,Reported rise time; threshold convention not specified.,940,,"Main article PDF pp. 6-7, Figure 4a and accompanying text",measured,directly_reported,,,,,ambiguous,,,,,,,ambiguous,source_unavailable,2026-08-14,Main article reviewed; Supporting Information was referenced but not supplied. No explicit -3 dB cutoff was established; the reported 1.1 MHz bandwidth and demonstrated switching above 200 kHz are not stored as -3 dB bandwidth. D* is graphically extracted to one significant digit.,unspecified,not_reported,"The main article reports frequency-dependent flicker (1/f) noise and plotted noise current, but does not establish the noise basis or acquisition method used for each D* value, especially at high reverse bias.",Main article PDF p. 6 and Figure 4b-c; Supplementary Figure 18 referenced but not supplied,graphically_extracted,"Main article PDF p. 7, Figure 4c",reviewed,amber,noise_method_not_reported,"The noise methodology used for D* is not reported, and the curator notes that noise is likely elevated under the high reverse biases used for avalanche multiplication.",Approved by Shlok on 2026-08-14 with a paper-wide amber override: noise method not reported; likely high-bias noise is high.,2026-08-14,2026-08-14
kim-2025-pbs-octanedithiol-940-neg2,kim-2025-pbs-octanedithiol-device,940,7.51e6,,,,,,ambiguous,,,,,-2,,,,,,,,,,ambiguous,,,,,ambiguous,,,,,,,ambiguous,source_unavailable,2026-08-14,Main article reviewed; Supporting Information was referenced but not supplied. No explicit -3 dB cutoff was established; the reported 1.1 MHz bandwidth and demonstrated switching above 200 kHz are not stored as -3 dB bandwidth.,unspecified,not_reported,"The main article reports frequency-dependent flicker (1/f) noise and plotted noise current, but does not establish the noise basis or acquisition method used for each D* value, especially at high reverse bias.",Main article PDF p. 6 and Figure 4b-c; Supplementary Figure 18 referenced but not supplied,directly_reported,"Main article PDF p. 6, Figure 4b and accompanying text",reviewed,amber,noise_method_not_reported,"The noise methodology used for D* is not reported, and the curator notes that noise is likely elevated under the high reverse biases used for avalanche multiplication.",Approved by Shlok on 2026-08-14 with a paper-wide amber override: noise method not reported; likely high-bias noise is high.,2026-08-14,2026-08-14
kim-2025-pbs-octanedithiol-940-neg50,kim-2025-pbs-octanedithiol-device,940,5e8,,,,,,ambiguous,,,,,-50,,,6.3e-5,,Reported rise time; threshold convention not specified.,940,,"Main article PDF pp. 6-7, Figure 4a and accompanying text",measured,directly_reported,,,,,ambiguous,,,,,,,ambiguous,source_unavailable,2026-08-14,Main article reviewed; Supporting Information was referenced but not supplied. No explicit -3 dB cutoff was established; the reported 1.1 MHz bandwidth and demonstrated switching above 200 kHz are not stored as -3 dB bandwidth. D* is graphically extracted to one significant digit.,unspecified,not_reported,"The main article reports frequency-dependent flicker (1/f) noise and plotted noise current, but does not establish the noise basis or acquisition method used for each D* value, especially at high reverse bias.",Main article PDF p. 6 and Figure 4b-c; Supplementary Figure 18 referenced but not supplied,graphically_extracted,"Main article PDF p. 7, Figure 4c",reviewed,amber,noise_method_not_reported,"The noise methodology used for D* is not reported, and the curator notes that noise is likely elevated under the high reverse biases used for avalanche multiplication.",Approved by Shlok on 2026-08-14 with a paper-wide amber override: noise method not reported; likely high-bias noise is high.,2026-08-14,2026-08-14
sharma-2023-agbis2-dual-800-neg0p5,sharma-2023-agbis2-dual-device,800,1.8e12,0.16,780,,,"Main article PDF p. 7, Figure 4d and accompanying text",directly_reported,,,,,-0.5,,,,,,,,,,ambiguous,,,,,ambiguous,,,,,,,ambiguous,source_unavailable,2026-08-14,Main article reviewed; Supporting Information was referenced but not supplied. No linear dynamic range was established. Scalar intensity-dependent responsivity ranges from the unavailable Supporting Information tables are not assigned. Responsivity is reported at 780 nm while D* is reported at 800 nm; responsivity bias is not stated.,shot_noise_approximation,not_applicable,"D* was calculated from responsivity and dark-current density using R/sqrt(2qJdark); no measured-noise acquisition instrument applies. Keithley source-measure units were used for J-V measurements, not noise acquisition.","Main article PDF p. 7, detectivity equation; PDF p. 3, device characterization",directly_reported,"Main article PDF p. 7, Figure 4e and accompanying text",reviewed,amber,shot_noise_approximation,Detectivity is based on a shot-noise approximation rather than a measured total-noise spectrum.,Approved by Shlok on 2026-08-14. The Keithley instruments acquired J-V data rather than noise.,2026-08-14,2026-08-14
sharma-2023-agbis2-dual-1000-neg0p5,sharma-2023-agbis2-dual-device,1000,2.6e11,0.07,900,,,"Main article PDF p. 7, Figure 4d and accompanying text",directly_reported,,,,,-0.5,,,,,,,,,,ambiguous,,,,,ambiguous,,,,,,,ambiguous,source_unavailable,2026-08-14,Main article reviewed; Supporting Information was referenced but not supplied. No linear dynamic range was established. Scalar intensity-dependent responsivity ranges from the unavailable Supporting Information tables are not assigned. Responsivity is reported at 900 nm while D* is reported at 1000 nm; responsivity bias is not stated.,shot_noise_approximation,not_applicable,"D* was calculated from responsivity and dark-current density using R/sqrt(2qJdark); no measured-noise acquisition instrument applies. Keithley source-measure units were used for J-V measurements, not noise acquisition.","Main article PDF p. 7, detectivity equation; PDF p. 3, device characterization",directly_reported,"Main article PDF p. 7, Figure 4e and accompanying text",reviewed,amber,shot_noise_approximation,Detectivity is based on a shot-noise approximation rather than a measured total-noise spectrum.,Approved by Shlok on 2026-08-14. The Keithley instruments acquired J-V data rather than noise.,2026-08-14,2026-08-14
sharma-2023-agbis2-dual-810-neg1,sharma-2023-agbis2-dual-device,810,1.44e11,,,,,,ambiguous,,,,,-1,,,1.66e-5,2.07e-5,"10-90% rise time and 90-10% fall time under 532 nm, 4.9 mW cm^-2 illumination.",532,-1,"Main article PDF p. 9, Figure 6 and accompanying text",measured,directly_reported,9160,,"Main article PDF p. 9, Section 3.6; Supporting Information Figure S22 referenced",measured,directly_reported,,,,,,,ambiguous,source_unavailable,2026-08-14,Main article reviewed; Supporting Information was referenced but not supplied. No linear dynamic range was established. Scalar intensity-dependent responsivity ranges from the unavailable Supporting Information tables are not assigned. The -3 dB bandwidth bias is not stated in the supplied main article.,shot_noise_approximation,not_applicable,"D* was calculated from responsivity and dark-current density using R/sqrt(2qJdark); no measured-noise acquisition instrument applies. Keithley source-measure units were used for J-V measurements, not noise acquisition.","Main article PDF p. 7, detectivity equation; PDF p. 3, device characterization",directly_reported,"Main article PDF p. 8, 810 nm LED discussion",reviewed,amber,shot_noise_approximation,Detectivity is based on a shot-noise approximation rather than a measured total-noise spectrum.,Approved by Shlok on 2026-08-14. The Keithley instruments acquired J-V data rather than noise.,2026-08-14,2026-08-14
sharma-2023-agbis2-dual-810-neg0p5,sharma-2023-agbis2-dual-device,810,9.2e10,,,,,,ambiguous,,,,,-0.5,,,,,,,,,,ambiguous,,,,,ambiguous,,,,,,,ambiguous,source_unavailable,2026-08-14,"Main article reviewed; Supporting Information was referenced but not supplied. No linear dynamic range was established. Scalar intensity-dependent responsivity ranges from the unavailable Supporting Information tables are not assigned. Device-level timing and bandwidth are retained on the -1 V row, matching the explicitly reported transient bias.",shot_noise_approximation,not_applicable,"D* was calculated from responsivity and dark-current density using R/sqrt(2qJdark); no measured-noise acquisition instrument applies. Keithley source-measure units were used for J-V measurements, not noise acquisition.","Main article PDF p. 7, detectivity equation; PDF p. 3, device characterization",directly_reported,"Main article PDF p. 8, 810 nm LED discussion",reviewed,amber,shot_noise_approximation,Detectivity is based on a shot-noise approximation rather than a measured total-noise spectrum.,Approved by Shlok on 2026-08-14. The Keithley instruments acquired J-V data rather than noise.,2026-08-14,2026-08-14
sharma-2023-agbis2-agi-810-neg1,sharma-2023-agbis2-agi-device,810,2.9e10,,,,,,ambiguous,,,,,-1,,,1.66e-5,4.62e-5,"10-90% rise time and 90-10% fall time under 532 nm, 4.9 mW cm^-2 illumination.",532,-1,"Main article PDF p. 9, Figure 6 and accompanying text",measured,directly_reported,8540,,"Main article PDF p. 9, Section 3.6; Supporting Information Figure S22 referenced",measured,directly_reported,,,,,,,ambiguous,source_unavailable,2026-08-14,Main article reviewed; Supporting Information was referenced but not supplied. No linear dynamic range was established. Scalar intensity-dependent responsivity ranges from the unavailable Supporting Information tables are not assigned. The -3 dB bandwidth bias is not stated in the supplied main article.,shot_noise_approximation,not_applicable,"D* was calculated from responsivity and dark-current density using R/sqrt(2qJdark); no measured-noise acquisition instrument applies. Keithley source-measure units were used for J-V measurements, not noise acquisition.","Main article PDF p. 7, detectivity equation; PDF p. 3, device characterization",directly_reported,"Main article PDF p. 8, 810 nm LED discussion",reviewed,amber,shot_noise_approximation,Detectivity is based on a shot-noise approximation rather than a measured total-noise spectrum.,Approved by Shlok on 2026-08-14. The Keithley instruments acquired J-V data rather than noise.,2026-08-14,2026-08-14
sharma-2023-agbis2-agi-810-neg0p5,sharma-2023-agbis2-agi-device,810,3.4e10,,,,,,ambiguous,,,,,-0.5,,,,,,,,,,ambiguous,,,,,ambiguous,,,,,,,ambiguous,source_unavailable,2026-08-14,"Main article reviewed; Supporting Information was referenced but not supplied. No linear dynamic range was established. Scalar intensity-dependent responsivity ranges from the unavailable Supporting Information tables are not assigned. Device-level timing and bandwidth are retained on the -1 V row, matching the explicitly reported transient bias.",shot_noise_approximation,not_applicable,"D* was calculated from responsivity and dark-current density using R/sqrt(2qJdark); no measured-noise acquisition instrument applies. Keithley source-measure units were used for J-V measurements, not noise acquisition.","Main article PDF p. 7, detectivity equation; PDF p. 3, device characterization",directly_reported,"Main article PDF p. 8, 810 nm LED discussion",reviewed,amber,shot_noise_approximation,Detectivity is based on a shot-noise approximation rather than a measured total-noise spectrum.,Approved by Shlok on 2026-08-14. The Keithley instruments acquired J-V data rather than noise.,2026-08-14,2026-08-14
sanvordenker-2026-hgte-nanorod-1100-pos2,sanvordenker-2026-hgte-nanorod-device,1100,7e11,0.6,,2,,"Main article PDF p. 5, Figure 4a and accompanying text",directly_reported,,,,,2,,,,,,,,,,ambiguous,,,,,ambiguous,,,,,,,ambiguous,source_unavailable,2026-08-17,"Main article reviewed; Supporting Information was referenced but not supplied. The paper reports no response time, rise time, fall time, explicit -3 dB bandwidth, or linear dynamic range in the supplied source. The stored 1100 nm wavelength is a curator-directed representative threshold for broadband infrared illumination above 1.1 µm.",johnson_noise_approximation,not_applicable,"D* was estimated from responsivity, active area, temperature, and zero-bias resistance using a Johnson-noise-only expression. The Keithley 2400 measured dark current and photocurrent at 2 V and did not acquire a noise spectrum.","Main article PDF p. 3, Equation 1 and Single-Element Detector Fabrication and Photoconductivity Measurements",graphically_extracted,"Main article PDF pp. 4-5, Figure 4a and accompanying text",reviewed,amber,johnson_noise_approximation,Detectivity assumes only Johnson noise rather than measured total noise and is likely overestimated by orders of magnitude.,Approved by Shlok on 2026-08-17 as a photoconductor scope exception at 1100 nm. D*=7e11 Jones is graphically extracted to one significant digit for the initial DDT-to-EDT branched-nanorod device under broadband IR illumination above 1.1 µm.,2026-08-17,2026-08-17
kim-2026-mapbi3-unstrained-522-zero,kim-2026-mapbi3-strain-device,522,15100000000000,0.553,522,0,,"Main article PDF p. 3, Figure 1h and accompanying text",directly_reported,,,,,0,,,,,,,,"Main article PDF p. 4, strain-dependent transient discussion; Supporting Information Figure S9",source_limited,ambiguous,152000,0,"Main article PDF p. 3, Figure 1i",measured,directly_reported,,,,,,,not_reported,checked,2026-08-17,Main article and supplied Supporting Information checked. Conflicting unstrained rise/fall values in Figure S9 and Table S2 are not assigned. No LDR was reported.,measured_noise,spectrum_analyzer,Agilent 35670A dynamic signal analyzer with a Keithley 428 current amplifier. The Keithley 4200A-SCS was used for J-V and SCLC rather than noise acquisition.,"Main article PDF p. 10, Section 4.3, Measurement and Characterization; Supporting Information DOCX, device characterization and noise-current measurement",directly_reported,"Main article PDF p. 3, Figure 1h and detectivity discussion",reviewed,unverified,,,Approved by Shlok on 2026-08-17. Self-powered unstrained MAPbI3 maximum at 522 nm. Responsivity and D* correspond to the lowest reported illumination intensity of 0.57 mW cm^-2.,2026-08-17,2026-08-22
kim-2026-mapbi3-compressive-522-zero,kim-2026-mapbi3-strain-device,522,18800000000000,0.695,522,0,,"Main article PDF pp. 4-5, Figure 2c and strain-dependent discussion",directly_reported,,,,,0,,,0.0000022,0.0000024,Rise and fall times; threshold convention not reported.,522,0,"Main article PDF pp. 4-5, Figure 2b and accompanying text",measured,directly_reported,219000,0,"Main article PDF pp. 4-5, Figure 2e and accompanying text",measured,directly_reported,,,,,,,not_reported,checked,2026-08-17,Main article and supplied Supporting Information checked. No LDR was reported.,measured_noise,spectrum_analyzer,Agilent 35670A dynamic signal analyzer with a Keithley 428 current amplifier. The Keithley 4200A-SCS was used for J-V and SCLC rather than noise acquisition.,"Main article PDF p. 10, Section 4.3, Measurement and Characterization; Supporting Information DOCX, device characterization and noise-current measurement",directly_reported,"Main article PDF pp. 4-5, Figure 2c-d and accompanying text",reviewed,unverified,,,"Approved by Shlok on 2026-08-17. Maximum compressive strain is -0.68%. The main discussion associates the strain-dependent R and D* with 16.73 mW cm^-2, while Supporting Table S2 lists 0.57 mW cm^-2; the discrepancy is disclosed rather than resolved.",2026-08-17,2026-08-22
kim-2026-cspbbr3-unstrained-522-zero,kim-2026-cspbbr3-strain-device,522,12100000000000,0.164,522,0,,"Main article PDF p. 3, Figure 1h and accompanying text",directly_reported,,,,,0,,,,,,,,"Main article PDF p. 4, strain-dependent transient discussion; Supporting Information Figure S9",source_limited,ambiguous,191000,0,"Main article PDF p. 3, Figure 1i",measured,directly_reported,,,,,,,not_reported,checked,2026-08-17,Main article and supplied Supporting Information checked. Conflicting unstrained rise/fall values in Figure S9 and Table S2 are not assigned. No LDR was reported.,measured_noise,spectrum_analyzer,Agilent 35670A dynamic signal analyzer with a Keithley 428 current amplifier. The Keithley 4200A-SCS was used for J-V and SCLC rather than noise acquisition.,"Main article PDF p. 10, Section 4.3, Measurement and Characterization; Supporting Information DOCX, device characterization and noise-current measurement",directly_reported,"Main article PDF p. 3, Figure 1h and detectivity discussion",reviewed,unverified,,,Approved by Shlok on 2026-08-17. Self-powered unstrained CsPbBr3 maximum at 522 nm. Responsivity and D* correspond to the lowest reported illumination intensity of 0.57 mW cm^-2.,2026-08-17,2026-08-22
kim-2026-cspbbr3-compressive-522-zero,kim-2026-cspbbr3-strain-device,522,18600000000000,0.255,522,0,,"Main article PDF pp. 4-5, Figure 2c and strain-dependent discussion",directly_reported,,,,,0,,,9e-7,0.0000011,Rise and fall times; threshold convention not reported.,522,0,"Main article PDF pp. 4-5, Figure 2b and accompanying text",measured,directly_reported,313000,0,"Main article PDF pp. 4-5, Figure 2e and accompanying text",measured,directly_reported,,,,,,,not_reported,checked,2026-08-17,Main article and supplied Supporting Information checked. No LDR was reported.,measured_noise,spectrum_analyzer,Agilent 35670A dynamic signal analyzer with a Keithley 428 current amplifier. The Keithley 4200A-SCS was used for J-V and SCLC rather than noise acquisition.,"Main article PDF p. 10, Section 4.3, Measurement and Characterization; Supporting Information DOCX, device characterization and noise-current measurement",directly_reported,"Main article PDF pp. 4-5, Figure 2c-d and accompanying text",reviewed,unverified,,,"Approved by Shlok on 2026-08-17. Maximum compressive strain is -0.68%. The main discussion associates the strain-dependent R and D* with 16.73 mW cm^-2, while Supporting Table S2 lists 0.57 mW cm^-2; the discrepancy is disclosed rather than resolved.",2026-08-17,2026-08-22
wang-2026-cspbibr2-control-435-zero-measured,wang-2026-cspbibr2-control-device,435,590000000000,0.28,435,0,,"Main article PDF p. 8, Figure 5d",graphically_extracted,,,,,0,,,0.00003786,0.00003145,Rise and fall times; threshold convention not reported.,,0,"Main article PDF pp. 8-9, Figure 5h and accompanying text",measured,directly_reported,,,,,ambiguous,79.19,,,,20 log10(Iupper/Ilower),"Main article PDF pp. 8-9, Figure 5f and Equation 5",directly_reported,source_unavailable,2026-08-17,Main article checked; Supporting Information was referenced but not supplied. The approximately 435 nm D* condition follows the spectral maxima. No explicit -3 dB bandwidth was established.,measured_noise,not_reported,"Figure 5c reports measured noise current at 0 V, but the supplied main article does not identify the noise-acquisition instrument.","Main article PDF pp. 8-9, Figure 5c and Equation 4 discussion",directly_reported,"Main article PDF pp. 8-9, Figure 5c-e and Equation 4 discussion",reviewed,unverified,,,Approved by Shlok on 2026-08-17. Only the measured-noise D* is retained; the shot-noise estimate is excluded by curator direction.,2026-08-17,2026-08-22
wang-2026-cspbibr2-cdca-435-zero-measured,wang-2026-cspbibr2-cdca-device,435,3500000000000,0.3,435,0,,"Main article PDF p. 8, Figure 5d and accompanying text",directly_reported,,,,,0,,,0.00002006,0.0000247,Rise and fall times; threshold convention not reported.,,0,"Main article PDF pp. 8-9, Figure 5h and accompanying text",measured,directly_reported,,,,,ambiguous,93.69,,,,20 log10(Iupper/Ilower),"Main article PDF pp. 8-9, Figure 5g and Equation 5",directly_reported,source_unavailable,2026-08-17,Main article checked; Supporting Information was referenced but not supplied. The approximately 435 nm D* condition follows the spectral maximum. No explicit -3 dB bandwidth was established.,measured_noise,not_reported,"Figure 5c reports measured noise current at 0 V, but the supplied main article does not identify the noise-acquisition instrument.","Main article PDF pp. 8-9, Figure 5c and Equation 4 discussion",directly_reported,"Main article PDF pp. 8-9, Figure 5c-e and Equation 4 discussion",reviewed,unverified,,,Approved by Shlok on 2026-08-17. Only the measured-noise D* is retained; the shot-noise estimate is excluded by curator direction.,2026-08-17,2026-08-22
kim-2026-facspbi3-fecx-control-680-zero,kim-2026-facspbi3-fecx-control-device,680,4650000000000,0.38,680,0,,"Main article PDF pp. 8-9, Figure 2g and Table 3",directly_reported,,,,,0,,,0.000001021,0.000001961,20-80% rise time and 80-20% fall time.,,0,"Main article PDF pp. 8-9, Figure 3a-b and accompanying text",measured,directly_reported,,,,,ambiguous,,,,,,,ambiguous,source_unavailable,2026-08-17,Main article checked; Supporting Information was referenced but not supplied. Figure 3g shows an approximate -3 dB crossing near 0.3 MHz but no numeric bandwidth is stored.,shot_noise_approximation,not_applicable,Dsh* is explicitly shot-noise-limited. Separately measured PSD/SNR data in Figures 3-4 were not used for the reported D*.,"Main article PDF pp. 8-9, Figure 2h and Table 3",directly_reported,"Main article PDF pp. 8-9, Figure 2h and Table 3",reviewed,amber,shot_noise_approximation,Detectivity is based on a shot-noise approximation rather than a measured total-noise spectrum.,Approved by Shlok on 2026-08-17. Pristine PEDOT:PSS control.,2026-08-17,2026-08-17
kim-2026-facspbi3-fecx-1v-680-zero,kim-2026-facspbi3-fecx-1v-device,680,4910000000000,0.35,680,0,,"Main article PDF p. 9, Table 3",directly_reported,,,,,0,,,,,,,,,,ambiguous,,,,,ambiguous,,,,,,,ambiguous,source_unavailable,2026-08-17,"Main article checked; Supporting Information was referenced but not supplied. No device-matched temporal response, numeric -3 dB bandwidth, or LDR is retained.",shot_noise_approximation,not_applicable,Dsh* is explicitly shot-noise-limited. Separately measured PSD/SNR data were not used for the reported D*.,"Main article PDF pp. 8-9, Figure 2h and Table 3",directly_reported,"Main article PDF p. 9, Table 3",reviewed,amber,shot_noise_approximation,Detectivity is based on a shot-noise approximation rather than a measured total-noise spectrum.,Approved by Shlok on 2026-08-17. Device contains 1.0 vol% Fe@Cx nanoparticles.,2026-08-17,2026-08-17
kim-2026-facspbi3-fecx-2p5v-680-zero,kim-2026-facspbi3-fecx-2p5v-device,680,14900000000000,0.43,680,0,,"Main article PDF pp. 8-9, Figure 2g and Table 3",directly_reported,,,,,0,,,9.99e-7,0.000001391,20-80% rise time and 80-20% fall time.,,0,"Main article PDF pp. 8-9, Figure 3a-b and accompanying text",measured,directly_reported,,,,,ambiguous,,,,,,,ambiguous,source_unavailable,2026-08-17,Main article checked; Supporting Information was referenced but not supplied. Figure 3g shows an approximate -3 dB crossing near 0.3 MHz but no numeric bandwidth is stored.,shot_noise_approximation,not_applicable,Dsh* is explicitly shot-noise-limited. Separately measured PSD/SNR data in Figures 3-4 were not used for the reported D*.,"Main article PDF pp. 8-9, Figure 2h and Table 3",directly_reported,"Main article PDF pp. 8-9, Figure 2h and Table 3",reviewed,amber,shot_noise_approximation,Detectivity is based on a shot-noise approximation rather than a measured total-noise spectrum.,Approved by Shlok on 2026-08-17. Optimized 2.5 vol% Fe@Cx device.,2026-08-17,2026-08-17
kim-2026-facspbi3-fecx-5v-680-zero,kim-2026-facspbi3-fecx-5v-device,680,3950000000000,0.42,680,0,,"Main article PDF p. 9, Table 3",directly_reported,,,,,0,,,,,,,,,,ambiguous,,,,,ambiguous,,,,,,,ambiguous,source_unavailable,2026-08-17,"Main article checked; Supporting Information was referenced but not supplied. No device-matched temporal response, numeric -3 dB bandwidth, or LDR is retained.",shot_noise_approximation,not_applicable,Dsh* is explicitly shot-noise-limited. Separately measured PSD/SNR data were not used for the reported D*.,"Main article PDF pp. 8-9, Figure 2h and Table 3",directly_reported,"Main article PDF p. 9, Table 3",reviewed,amber,shot_noise_approximation,Detectivity is based on a shot-noise approximation rather than a measured total-noise spectrum.,Approved by Shlok on 2026-08-17. Device contains 5.0 vol% Fe@Cx nanoparticles.,2026-08-17,2026-08-17
zhai-2026-cspbbr3-spiro-400-zero,zhai-2026-cspbbr3-spiro-device,400,10500000000,0.02934,400,0,,"Main article PDF pp. 5-6, Figure 4c and accompanying text",directly_reported,,,,,0,,,,,,,,,,ambiguous,,,,,ambiguous,47,,,,20 log10(Pmax/Pmin),"Main article PDF p. 6, Figure 4f and Equation 2",directly_reported,source_unavailable,2026-08-17,Main article checked; Supporting Information was referenced but not supplied. The approximately 400 nm peak condition is read from Figure 4. No explicit -3 dB bandwidth or control-device timing is retained.,measured_noise,source_measure_unit,Dark-current traces were recorded with an Agilent B1500A semiconductor parameter analyzer and transformed by FFT. The Keithley 2400 was used for I-V and imaging rather than noise acquisition.,"Main article PDF p. 3, Section 2.5; p. 5, FFT discussion",directly_reported,"Main article PDF pp. 5-6, Figure 4e and accompanying text",reviewed,amber,source_measure_unit_noise_measurement,Noise was derived from dark-current traces acquired by a semiconductor parameter analyzer.,Approved by Shlok on 2026-08-17. Self-powered Spiro-OMeTAD control; the spectral panels do not independently restate the zero-bias condition.,2026-08-17,2026-08-19
zhai-2026-cspbbr3-meop-dsf-500-zero-1hz,zhai-2026-cspbbr3-meop-dsf-device,500,22800000000,0.03552,500,0,,"Main article PDF pp. 5-6, Figure 4c and accompanying text",directly_reported,,,,,0,1,,0.00021,0.00036,10-90% rise time and 90-10% fall time.,,0,"Main article PDF p. 6, Figure 4g and accompanying text",measured,directly_reported,,,,,ambiguous,66,,,,20 log10(Pmax/Pmin),"Main article PDF p. 6, Figure 4f and Equation 2",directly_reported,source_unavailable,2026-08-17,Main article checked; Supporting Information was referenced but not supplied. The approximately 500 nm peak condition is read from Figure 4. No explicit -3 dB bandwidth was found.,measured_noise,source_measure_unit,Dark-current traces were recorded with an Agilent B1500A semiconductor parameter analyzer and transformed by FFT. The optimized device reports 1.0e-13 A Hz^-1/2 at 1 Hz. The Keithley 2400 was used for I-V and imaging rather than noise acquisition.,"Main article PDF p. 3, Section 2.5; p. 5, FFT discussion",directly_reported,"Main article PDF pp. 5-6, Figure 4e and accompanying text",reviewed,amber,source_measure_unit_noise_measurement,Noise was derived from dark-current traces acquired by a semiconductor parameter analyzer.,Approved by Shlok on 2026-08-17. Self-powered MeOP-DSF device; the spectral panels do not independently restate the zero-bias condition.,2026-08-17,2026-08-19
li-2026-agbis2-ingaas-1900-zero,li-2026-agbis2-ingaas-device,1900,2640000000000,1.66,1900,0,300,"Main article PDF p. 1, abstract; p. 5, Figure 3a",graphically_extracted,,,,300,0,,,0.000194,0.000227,10-90% rise time and 90-10% fall time.,2100,0,"Main article PDF p. 6, Figure 4c and accompanying text",measured,directly_reported,1810,0,"Main article PDF pp. 5-6, Figure 4b and accompanying text",measured,directly_reported,185.6,,,,,"Main article PDF pp. 5-6, Figure 4d and accompanying text",directly_reported,source_unavailable,2026-08-17,Main article checked; Supporting Information was referenced but not supplied. Response time is retained at 2100 nm. The paper describes room-temperature operation; 300 K is used as the atlas convention.,shot_noise_approximation,not_applicable,"Equation 3 calculates D* as R*sqrt(A/(2qIdark)). The paper mentions lower 1/f noise in Supporting Information, but the reported D* does not use a measured total-noise spectrum.","Main article PDF pp. 3-4, Equation 3 and detectivity discussion",graphically_extracted,"Main article PDF p. 1, abstract; p. 5, Figure 3b",reviewed,amber,shot_noise_approximation,Detectivity is based on a dark-current shot-noise approximation rather than measured total noise.,Approved by Shlok on 2026-08-17. The 2.64e12-Jones scalar maximum is directly reported; its approximately 1900 nm wavelength is read from the spectral curve as the curator-requested peak near 2000 nm.,2026-08-17,2026-08-17
wang-2026-cspbbr3-snse2-mote2-405-zero,wang-2026-cspbbr3-snse2-mote2-device,405,2000000000000,0.7644,405,0,,"Main article PDF pp. 5-6, Figure 3f and accompanying text",directly_reported,,245.2,,,0,,,0.00074,0.00096,10-90% rise time and 90-10% fall time.,405,0,"Main article PDF pp. 6-7, Figure 4a-b and accompanying text",measured,directly_reported,,,,,ambiguous,89.8,,,,Maximum reported LDR at 109 mW cm^-2; calculation formula is in unavailable Supporting Note S5.,"Main article PDF p. 5, Figure S9 discussion",directly_reported,source_unavailable,2026-08-27,Main article checked; Supporting Information was referenced but not supplied. No explicit -3 dB bandwidth is present in the supplied article. The 65.2 µm2 photoactive overlap is directly reported and reproduces D* when combined with R and Sn.,measured_noise,dedicated_noise_analyzer,"LFN-1000 low-frequency noise analyzer. The paper uses Sn=3.08e-16 A Hz^-1/2 above 3 Hz. The manufacturer lists 1e-27 A2/Hz system background noise (3.16e-14 A Hz^-1/2) and a nominal 0.1 Hz lower limit, while Figure 4d begins at 0.01 Hz. No custom frontend, background subtraction, or cross-correlation method is reported. Keithley 2636B and Primarius FS380 were used for other characterization, not noise acquisition.","Main article PDF pp. 6-7, Figure 4d-e; p. 10, Section 4.3; manufacturer LFN-1000 product page https://wxxj.org.cn/webfile/product/2023-03-31/6.html (checked 2026-08-27)",directly_reported,"Main article PDF pp. 6-8, Figure 4d-e and Table 1",pending_review,amber,below_preamplifier_noise_floor,"Reported Sn=3.08e-16 A Hz^-1/2 corresponds to 9.49e-32 A2/Hz, about 10500 times below the LFN-1000 manufacturer-listed 1e-27 A2/Hz system background noise. The source does not document a lower-noise configuration or subtraction method.","Approved by Shlok on 2026-08-27 for publication as an amber pending-review record. The reported 2.0e12-Jones claim is retained, but the stated acquisition chain cannot substantiate its noise value without clarification of the instrument configuration, calibration, and 0.01 Hz acquisition. Responsivity/EQE and noise frequencies also remain unestablished.",2026-08-17,2026-08-27
wang-2026-cspbbr3-snse2-mote2-405-zero-device-ii,wang-2026-cspbbr3-snse2-mote2-device-ii,405,794000000000,0.7992,405,0,,"Main article PDF p. 8, Figure 5a",directly_reported,,167.2,,,0,,,,,,,,,,,,,,,ambiguous,,,,,,,ambiguous,source_unavailable,2026-08-27,"Main article and Figure 5 checked; Supporting Information Figure S18 was referenced but not supplied. No device-specific temporal response, explicit -3 dB bandwidth, or LDR is securely available. Figure 5 reports R=0.7992 A/W and EQE=167.2% at 405 nm; these are internally inconsistent under the standard EQE-responsivity conversion and are retained as reported pending source clarification.",unspecified,not_reported,"The Experimental Section globally identifies an LFN-1000 for noise spectral density, but the supplied main article does not assign a device-specific noise value or frequency to this Figure 5 D* result.","Main article PDF p. 8, Figure 5c; p. 10, Section 4.3; device-specific Supporting Information unavailable",directly_reported,"Main article PDF p. 8, Figure 5c",pending_review,unverified,,,Approved by Shlok on 2026-08-27 as a pending-review graph-labeled device result. The device-specific D* noise basis and acquisition frequency remain unresolved because Supporting Information Figure S18 was not supplied. Responsivity/EQE and noise-frequency matching is not established.,2026-08-27,2026-08-27
wang-2026-cspbbr3-snse2-mote2-405-zero-device-iii,wang-2026-cspbbr3-snse2-mote2-device-iii,405,426000000000,0.3049,405,0,,"Main article PDF p. 8, Figure 5a",directly_reported,,93.5,,,0,,,,,,,,,,,,,,,ambiguous,,,,,,,ambiguous,source_unavailable,2026-08-27,"Main article and Figure 5 checked; Supporting Information Figure S19 was referenced but not supplied. No device-specific temporal response, explicit -3 dB bandwidth, or LDR is securely available. Figure 5 reports R=0.3049 A/W and EQE=93.5% at 405 nm; these values are mutually consistent within rounding.",unspecified,not_reported,"The Experimental Section globally identifies an LFN-1000 for noise spectral density, but the supplied main article does not assign a device-specific noise value or frequency to this Figure 5 D* result.","Main article PDF p. 8, Figure 5c; p. 10, Section 4.3; device-specific Supporting Information unavailable",directly_reported,"Main article PDF p. 8, Figure 5c",pending_review,unverified,,,Approved by Shlok on 2026-08-27 as a pending-review graph-labeled device result. The device-specific D* noise basis and acquisition frequency remain unresolved because Supporting Information Figure S19 was not supplied. Responsivity/EQE and noise-frequency matching is not established.,2026-08-27,2026-08-27
measurement-e257c959decc-1,device-e257c959decc-1,450,181000000000,0.11,450,3,,"PDF page 4, Figure 3(f); PDF page 5, paragraph 1",directly_reported,,,,,3,,,0.046,0.022,Rise and decay times; percentage convention not reported,450,3,"PDF page 5, paragraph 1; underlying transient in Figure S11 (ESM unavailable)",source_limited,directly_reported,,,,not_reported,not_reported,,,,,,,not_reported,source_unavailable,2026-08-17,"Main article checked. Rise/decay values are directly stated in the main text, but Figure S11 and literature-comparison Table S1 are in unavailable ESM. No comparison-table metrics are imported; no explicit -3 dB bandwidth or LDR is reported in the available source.",unspecified,not_reported,,,directly_reported,"PDF page 4, Figure 3(g); PDF page 5, paragraph 1",reviewed,unverified,,,"Primary result for the patterned, post-ligand-exchanged device: R = 0.11 A W−1 and D* = 1.81 × 10^11 Jones at 450 nm and 3.0 V. The paper calls D* calculated but does not disclose the noise basis or noise-acquisition instrument in the available main article.",2026-08-13,2026-08-22
measurement-1ebdaa0619e8-1,device-1ebdaa0619e8-1,840,4700000000000,0.44,840,-0.5,,"PDF page 7, Table 1",directly_reported,,70,,,-0.5,200,,0.0000077,0.0000123,10–90% rise and 90–10% fall,880,-0.5,"PDF page 7, Table 1",measured,directly_reported,75000,-0.5,"PDF page 7, Table 1 and paragraph 3",measured,directly_reported,185,,,dB,"Extended LDR at 880 nm and −0.5 V, using the current density corresponding to measured noise as the lowest photocurrent",PDF page 7,directly_reported,source_unavailable,2026-08-17,"Main article and Table 1 checked. Supporting Information cited for spectral, transient, and bandwidth plots was unavailable; only values explicitly reported in the main article are attached. No literature-comparison metrics are imported.",measured_noise,oscilloscope_fft,Siglent SDS6054A digital oscilloscope with Femto DHPCA-100 variable-gain high-speed current amplifier; dark-current density transformed by FFT,PDF page 11,directly_reported,"PDF page 6, paragraph 2; PDF page 7, Table 1",reviewed,unverified,,,"Approved PM7:Y6 (1:1.2) POH device. Measured-noise D* = 4.7 × 10^12 Jones at 840 nm, −0.5 V, and 200 Hz; noise current density is 2 × 10^−14 A Hz^−1/2. All measurements were performed at room temperature, but no exact temperature in kelvin is reported.",2026-08-12,2026-08-22
measurement-063b84676a07-1,device-063b84676a07-1,1620,1450000000000,0.87,1620,0,,"Main article PDF p. 7, Figure 4d and accompanying text",directly_reported,,66.8,,,0,500,,0.0000042,0.0000051,Rise and fall times; threshold convention not reported.,1550,0,"Main article PDF p. 6, Figure 4a; PDF p. 8, Device Measurements",measured,directly_reported,90000,0,"Main article PDF p. 6, Figure 4b",measured,directly_reported,100,,,,20 log10(Pmax/Pmin) over the linear photocurrent-response region,"Main article PDF p. 6, Figure 4c and Equation 2",directly_reported,source_unavailable,2026-08-17,"Main article checked; Supporting Information was referenced but not supplied. The optimized-device response, bandwidth, LDR, EQE, responsivity, measured noise, and D* are directly supported in the main article.",measured_noise,dedicated_noise_analyzer,"LFN-2000 low-frequency noise test system; measured noise spectrum spans 1-1600 Hz, and D* uses the 500 Hz noise value with 1 Hz electrical bandwidth.","Main article PDF pp. 7-8, Figure 4e and Device Measurements",directly_reported,"Main article PDF pp. 6-7, Figure 4d-f and accompanying text",reviewed,unverified,,,Approved by Shlok on 2026-08-17. Hybrid-passivated HgTe device. The 185 nA cm^-2 dark-current density is reported separately at -0.1 V and is not treated as the zero-bias D* condition.,2026-08-17,2026-08-22
measurement-e8d3fafe47ed-1,device-e8d3fafe47ed-1,1550,4300000000000,0.71,1550,-0.1,,"Main article PDF p. 8, Figure 5c and accompanying text",directly_reported,,57.7,,,-0.1,10,,0.00000154,0.00000289,Rise and fall times; threshold convention not reported.,1550,,Main article PDF p. 9; underlying Figure S28 unavailable,source_limited,directly_reported,107000,,Main article PDF p. 9; underlying Figure S28 unavailable,measured,directly_reported,65,,,dB,Engineering-definition LDR; the source warns that the materials-field formula gives an overestimated 130 dB.,Main article PDF pp. 8-9 and referenced Figure S27,directly_reported,source_unavailable,2026-08-17,Main article checked; Supporting Information was referenced but not supplied. Store the authors' engineering-comparable 65 dB LDR; retain the headline 130 dB value only as a warning. Exact response and bandwidth bias are unavailable.,measured_noise,not_reported,Measured spectral noise density over 0.1 Hz to 102.4 kHz; the main article does not identify the acquisition instrument.,"Main article PDF pp. 8-9, Figure 5b",directly_reported,"Main article PDF p. 9, Figure 5d-e and accompanying text",reviewed,unverified,,,Approved by Shlok on 2026-08-17. HIES-modified PbS CQD/JD40-BDD20 hybrid device at room temperature; exact kelvin value and active area are not reported in the supplied main article.,2026-08-17,2026-08-22
measurement-e8d3fafe47ed-2,device-e8d3fafe47ed-1,1520,4400000000000,,,,,,not_reported,,,,,-0.1,10,,,,,,,,not_reported,not_reported,,,,not_reported,not_reported,,,,,,,not_reported,source_unavailable,2026-08-17,Peak D* is directly reported in the main article. Supporting Information containing the underlying frequency- and wavelength-dependent analysis was not supplied.,measured_noise,not_reported,Measured spectral noise density; the main article does not identify the acquisition instrument.,"Main article PDF pp. 8-9, Figure 5b,d",directly_reported,"Main article PDF p. 9, Figure 5d-e and accompanying text",reviewed,green,,,Approved by Shlok on 2026-08-17. Peak-wavelength companion row for the same optimized HIES-modified device; room temperature is stated without an exact kelvin value.,2026-08-17,2026-08-17
measurement-f5ecd60bda2e-1,device-f5ecd60bda2e-1,940,16000000000000,0.58,940,0,,"Main article PDF pp. 3-5, Figure 3f and accompanying text",directly_reported,1000,76,,,0,1000,,4.8e-7,3.4e-7,Rise and fall times; threshold convention not reported.,940,0,"Main article PDF pp. 3-5, Figure 3c",measured,directly_reported,97200,0,"Main article PDF pp. 3-5, Figure 3d",measured,directly_reported,147,,,dB,Reported detector LDR in self-powered mode.,"Main article PDF pp. 3-5, Figure 3b",directly_reported,source_unavailable,2026-08-17,Main article checked; Supporting Information was referenced but not supplied. The approximately 1.6e13-Jones scalar is associated with 940 nm from the matched Figure 3 responsivity/EQE/noise discussion; the text does not append an exact wavelength to the scalar.,measured_noise,spectrum_analyzer|lock_in_amplifier|source_measure_unit,"Agilent 35670A dynamic signal analyzer with Stanford Research Systems SR570 low-noise current preamplifier; the results text also mentions lock-in acquisition, and Methods report a Platform Design Automation FS380 semiconductor parameter analyzer with a noise module. The measured spectrum spans 100 Hz-100 kHz and includes frequency-dependent 1/f behavior.","Main article PDF p. 4, Figure 3g; PDF p. 8, Device characterizations",directly_reported,"Main article PDF pp. 4-5, Figure 3g-i and accompanying text",reviewed,green,,,"Approved and explicitly marked green by Shlok on 2026-08-17 under the mixed-instrument policy: the noise chain includes a dynamic signal analyzer, so accompanying parameter-analyzer acquisition does not trigger automatic amber. The 10 nA cm^-2 dark-current density is separately reported at -0.1 V.",2026-08-17,2026-08-22
ackerman-2018-hgte-mwir-5000-85k,ackerman-2018-hgte-mwir-interference-device,5000,3.3e11,1.3,,0,85,"Main article PDF p. 6, Figure 5c and accompanying text",directly_reported,500,32,,85,0,500,,3e-7,1e-6,Rise and fall times; threshold convention not reported. The paper attributes the microsecond response to the detector RC constant.,808,,"Main article PDF p. 6, Figure 5d",measured,directly_reported,,,,,ambiguous,,,,,,,ambiguous,source_unavailable,2026-08-18,Main article checked; Supporting Information was referenced but unavailable. No explicit -3 dB bandwidth or LDR is retained. The 5000 nm atlas value is the approximately 5 µm detector cutoff associated with the interference-enhanced device; D* was measured from broadband 600 °C blackbody response integrated above the cutoff rather than monochromatic 5000 nm illumination.,measured_noise,spectrum_analyzer,"Spectrum analyzer, model not reported; a transimpedance amplifier and low-noise preamplifier measured current. Noise was measured at short circuit and 500 Hz with the blackbody blocked and cold shield closed; Figure 5c reports 0.055 pA Hz^-1/2.","Main article PDF p. 7, Determination of Device Characteristics; p. 6, Figure 5c",directly_reported,"Main article PDF pp. 5-7, Figure 5b-c and Methods",reviewed,green,,,Approved by Shlok on 2026-08-18. Champion interference-enhanced device only; lower-D* non-interference and temperature-series values are excluded. The plotted wavelength is the detector cutoff and is not a monochromatic D* excitation wavelength.,2026-08-18,2026-08-22
zhang-2026-pbs-homojunction-3p6nm-450-1v,zhang-2026-pbs-homojunction-3p6nm,450,1.2e11,0.125,450,1,,"Supporting Information PDF p. 4, Figure S7b",graphically_extracted,,,,,1,,,,,,450,,"Main article PDF pp. 3-4 and Supporting Information PDF p. 1, Figure S2",,ambiguous,,,,not_reported,not_reported,,,,,,,not_reported,checked,2026-08-18,Complete main article and Supporting Information checked. No explicit -3 dB bandwidth or LDR is reported. The Figure S7 EQE axis is omitted because it is internally inconsistent with the plotted responsivity and Equation S2 under the 450 nm context. Reported temporal values are not assigned because QD size and exact bias are not sufficiently matched to this device.,shot_noise_approximation,not_applicable,D* was calculated as R/sqrt(2qJdark) using dark-current density from Keithley 2400 I-V measurements; no total-noise spectrum was acquired.,"Supporting Information PDF p. 4, Equation S3; main article PDF p. 3, Section 2.4",graphically_extracted,"Supporting Information PDF p. 4, Figure S7b and Equation S3; wavelength context in main article PDF p. 5, Section 3.2",reviewed,amber,shot_noise_approximation,Detectivity was calculated from a dark-current shot-noise approximation rather than a measured total-noise spectrum.,"Approved by Shlok on 2026-08-18. Only the highest-D* 3.6 nm device and its weakest plotted irradiance of approximately 0.01 W/cm2 are retained; the 3.1 and 4.2 nm variants and remaining intensity points are excluded. Figure S7's caption omits wavelength, so 450 nm is taken from the immediately preceding main-text characterization context. At +1 V the response mode is high-field photoconductive although the device structure is a p-n homojunction photodiode.",2026-08-18,2026-08-18
huang-2025-pbs-microstructures-ms-pt5-1413-1hz,huang-2025-pbs-microstructures-ms-pt5,1413,4.9e10,,,,,,ambiguous,,,,,,1,,,,,,,,,ambiguous,,,,,ambiguous,,,,,,,not_reported,checked,2026-08-18,"Complete main article and Supporting Information checked. Device-level responsivity, temporal response, and explicit -3 dB bandwidth are stored on the companion 1 kHz champion row to avoid duplication. No LDR was reported.",measured_noise,source_measure_unit,Platform Design Automation FS380 semiconductor parameter analyzer with a noise module acquired the noise spectra; no separate spectrum analyzer is reported.,"Main article PDF p. 9, Experimental Section",directly_reported,"Main article PDF pp. 6-7, Figure 4b-c",reviewed,amber,source_measure_unit_noise_measurement,The semiconductor parameter analyzer/noise module is the sole reported noise-acquisition instrument.,"Approved by Shlok on 2026-08-18. The source does not explicitly associate a bias with the D* curve, so bias remains blank.",2026-08-18,2026-08-18
huang-2025-pbs-microstructures-ms-pt5-1413-1000hz,huang-2025-pbs-microstructures-ms-pt5,1413,1.2e12,0.38,1413,,,"Main article PDF p. 6, Figure 4a and accompanying text",directly_reported,,,,,,1000,,3.71e-6,17.31e-6,Rise and fall times; threshold convention not reported.,1413,0,"Main article PDF p. 7, Figure 4d",measured,directly_reported,32000,0,"Main article PDF p. 7, Figure 4e",measured,directly_reported,,,,,,,not_reported,checked,2026-08-18,Complete main article and Supporting Information checked. No LDR was reported.,measured_noise,source_measure_unit,Platform Design Automation FS380 semiconductor parameter analyzer with a noise module acquired the noise spectra; no separate spectrum analyzer is reported.,"Main article PDF p. 9, Experimental Section",directly_reported,"Main article PDF pp. 6-7, Figure 4b-c",reviewed,amber,source_measure_unit_noise_measurement,The semiconductor parameter analyzer/noise module is the sole reported noise-acquisition instrument.,"Approved by Shlok on 2026-08-18. The source does not explicitly associate a bias with the D* curve, so bias remains blank. Supporting Information Table S1 gives 1.13e12 Jones while the main text reports the rounded 1.2e12 value retained here.",2026-08-18,2026-08-18
huang-2025-pbs-microstructures-control-1413-1hz,huang-2025-pbs-microstructures-control,1413,4.5e8,,,,,,not_reported,,,,,,1,,,,,,,,,not_reported,,,,,not_reported,,,,,,,not_reported,checked,2026-08-18,"Complete main article and Supporting Information checked. No control-matched responsivity, temporal response, explicit -3 dB bandwidth, or LDR was reported.",measured_noise,source_measure_unit,Platform Design Automation FS380 semiconductor parameter analyzer with a noise module acquired the noise spectra; no separate spectrum analyzer is reported.,"Main article PDF p. 9, Experimental Section",directly_reported,"Main article PDF p. 7 and Supporting Information PDF p. 9, Figure S16",reviewed,amber,source_measure_unit_noise_measurement,The semiconductor parameter analyzer/noise module is the sole reported noise-acquisition instrument.,"Approved by Shlok on 2026-08-18. The source does not explicitly associate a bias with the D* curve, so bias remains blank.",2026-08-18,2026-08-18
huang-2025-pbs-microstructures-control-1413-1000hz,huang-2025-pbs-microstructures-control,1413,1.2e10,,,,,,not_reported,,,,,,1000,,,,,,,,,not_reported,,,,,not_reported,,,,,,,not_reported,checked,2026-08-18,"Complete main article and Supporting Information checked. No control-matched responsivity, temporal response, explicit -3 dB bandwidth, or LDR was reported.",measured_noise,source_measure_unit,Platform Design Automation FS380 semiconductor parameter analyzer with a noise module acquired the noise spectra; no separate spectrum analyzer is reported.,"Main article PDF p. 9, Experimental Section",directly_reported,"Main article PDF p. 7 and Supporting Information PDF p. 9, Figure S16",reviewed,amber,source_measure_unit_noise_measurement,The semiconductor parameter analyzer/noise module is the sole reported noise-acquisition instrument.,"Approved by Shlok on 2026-08-18. The source does not explicitly associate a bias with the D* curve, so bias remains blank.",2026-08-18,2026-08-18
wei-2026-pbs-poly-tpd-uvo-control-1350,wei-2026-pbs-poly-tpd-uvo-control,1350,6.7e11,,,,,,not_reported,,,,,-0.5,100000,,64.6e-6,57.7e-6,Rise and fall times; threshold convention not reported.,532,,Main article Figure 2f and Section 5.4,measured,directly_reported,,,,,not_reported,,,,,,,not_reported,checked,2026-08-18,"Complete main article and Supporting Information checked. No control-matched responsivity, explicit -3 dB bandwidth, or LDR was reported.",measured_noise,spectrum_analyzer,Stanford Research Systems SR570 low-noise current preamplifier followed by an Agilent 35670A dynamic signal analyzer. The oscilloscope was used only for transient response and the source meter only for electrical characterization.,"Main article Section 5.4, Device Characterizations; Supporting Information Figure S3",directly_reported,Main article Figure 2c and accompanying detectivity discussion; Supporting Information Figure S3,reviewed,green,,,Approved by Shlok on 2026-08-18. The 532 nm temporal test is stored separately from the 1350 nm D* condition.,2026-08-18,2026-08-18
wei-2026-pbs-poly-tpd-uvo-optimized-1350,wei-2026-pbs-poly-tpd-uvo-optimized,1350,2.1e12,0.42,1350,-0.5,,Main article Figure 2b-c and accompanying text,directly_reported,,38.2,,,-0.5,100000,,17.4e-6,19.5e-6,Rise and fall times; threshold convention not reported.,532,,Main article Figure 2f and Section 5.4,measured,directly_reported,,,,,not_reported,65,0.91,24800,uW/cm2,Reported LDR over 0.91 uW/cm2 to 24.8 mW/cm2; the upper bound is converted to 24800 uW/cm2.,Main article Figure 2d-e and Equation 4,directly_reported,checked,2026-08-18,Complete main article and Supporting Information checked. No explicit -3 dB bandwidth was reported.,measured_noise,spectrum_analyzer,Stanford Research Systems SR570 low-noise current preamplifier followed by an Agilent 35670A dynamic signal analyzer. The oscilloscope was used only for transient response and the source meter only for electrical characterization.,"Main article Section 5.4, Device Characterizations; Supporting Information Figure S3",directly_reported,Main article Figure 2c and accompanying detectivity discussion; Supporting Information Figure S3,reviewed,unverified,,,Approved by Shlok on 2026-08-18. The 532 nm temporal test is stored separately from the 1350 nm D* condition.,2026-08-18,2026-08-22
lim-2026-pbs-cpe-control-900,lim-2026-pbs-cpe-control,900,1.4e12,,,,,,ambiguous,,,,,-1,,,9.7e-6,11.9e-6,Rise and fall times; threshold convention not reported.,,,Main article Figure 4b,measured,graphically_extracted,,,,,ambiguous,60,,,,Reported detector LDR at -1 V from the linear photocurrent-response range.,Main article Figure 3b-e and accompanying text,directly_reported,source_unavailable,2026-08-18,"The main article was checked, but the Supporting Information DOCX was unavailable. Numeric responsivity, SWIR companion-device results, and any explicit -3 dB bandwidth remain unresolved.",shot_noise_approximation,not_applicable,D* was calculated as R/sqrt(2qJd) from responsivity and dark-current density. Separate SR570/Advantest R9211B measured-noise spectra were reported but were not used as the D* basis; the SR830 lock-in was used only for bandwidth characterization.,"Main article, Table 1, detectivity equation, Figure 3a, and Experimental Section",directly_reported,Main article Table 1 and Figure 2c,reviewed,amber,shot_noise_approximation,Detectivity is based on a dark-current shot-noise approximation rather than the separately measured total-noise spectrum.,Approved by Shlok on 2026-08-18. Table 1 reports 1.4e12 Jones while the prose states 1.4e11; the tabulated value is retained as the internally consistent value.,2026-08-18,2026-08-18
lim-2026-pbs-cpe-3br-900,lim-2026-pbs-cpe-3br,900,2.7e12,,,,,,ambiguous,,,,,-1,,,17.9e-6,17.9e-6,Rise and fall times; threshold convention not reported.,,,Main article Figure 4b,measured,graphically_extracted,,,,,ambiguous,81,,,,Reported detector LDR at -1 V from the linear photocurrent-response range.,Main article Figure 3b-e and accompanying text,directly_reported,source_unavailable,2026-08-18,"The main article was checked, but the Supporting Information DOCX was unavailable. Numeric responsivity, SWIR companion-device results, and any explicit -3 dB bandwidth remain unresolved.",shot_noise_approximation,not_applicable,D* was calculated as R/sqrt(2qJd) from responsivity and dark-current density. Separate SR570/Advantest R9211B measured-noise spectra were reported but were not used as the D* basis; the SR830 lock-in was used only for bandwidth characterization.,"Main article, Table 1, detectivity equation, Figure 3a, and Experimental Section",directly_reported,Main article Table 1 and Figure 2c,reviewed,amber,shot_noise_approximation,Detectivity is based on a dark-current shot-noise approximation rather than the separately measured total-noise spectrum.,Approved by Shlok on 2026-08-18.,2026-08-18,2026-08-18
lim-2026-pbs-cpe-5br-900,lim-2026-pbs-cpe-5br,900,4.5e12,,,,,,ambiguous,,,,,-1,,,9.3e-6,12.4e-6,Rise and fall times; threshold convention not reported.,,,Main article Figure 4b,measured,graphically_extracted,,,,,ambiguous,93,,,,Reported detector LDR at -1 V from the linear photocurrent-response range.,Main article Figure 3b-e and accompanying text,graphically_extracted,source_unavailable,2026-08-18,"The main article was checked, but the Supporting Information DOCX was unavailable. Numeric responsivity, SWIR companion-device results, and any explicit -3 dB bandwidth remain unresolved.",shot_noise_approximation,not_applicable,D* was calculated as R/sqrt(2qJd) from responsivity and dark-current density. Separate SR570/Advantest R9211B measured-noise spectra were reported but were not used as the D* basis; the SR830 lock-in was used only for bandwidth characterization.,"Main article, Table 1, detectivity equation, Figure 3a, and Experimental Section",directly_reported,Main article Table 1 and Figure 2c,reviewed,amber,shot_noise_approximation,Detectivity is based on a dark-current shot-noise approximation rather than the separately measured total-noise spectrum.,Approved by Shlok on 2026-08-18. The 93 dB LDR is extracted from Figure 3d.,2026-08-18,2026-08-18
lim-2026-pbs-cpe-7br-900,lim-2026-pbs-cpe-7br,900,5.4e12,,,,,,ambiguous,,,,,-1,,,9.4e-6,11.7e-6,Rise and fall times; threshold convention not reported.,,,Main article Figure 4b,measured,graphically_extracted,,,,,ambiguous,105,,,,Reported detector LDR at -1 V from the linear photocurrent-response range.,Main article Figure 3b-e and accompanying text,directly_reported,source_unavailable,2026-08-18,"The main article was checked, but the Supporting Information DOCX was unavailable. Numeric responsivity, SWIR companion-device results, and any explicit -3 dB bandwidth remain unresolved.",shot_noise_approximation,not_applicable,D* was calculated as R/sqrt(2qJd) from responsivity and dark-current density. Separate SR570/Advantest R9211B measured-noise spectra were reported but were not used as the D* basis; the SR830 lock-in was used only for bandwidth characterization.,"Main article, Table 1, detectivity equation, Figure 3a, and Experimental Section",directly_reported,Main article Table 1 and Figure 2c,reviewed,amber,shot_noise_approximation,Detectivity is based on a dark-current shot-noise approximation rather than the separately measured total-noise spectrum.,Approved by Shlok on 2026-08-18.,2026-08-18,2026-08-18
wang-2025-hgte-dpp-1650-zero,wang-2025-hgte-dpp-champion,1650,7.88e11,0.652,1650,0,,"Main article PDF pp. 8-9, Figure 6g and Section 3.5",directly_reported,130,50,130,,0,130,,0.000143,0.000119,Rise and fall times; threshold convention not reported.,,,"Main article PDF p. 9, Section 3.5, citing Supporting Information Figure S14",measured,directly_reported,,,,,ambiguous,,,,,,,ambiguous,source_unavailable,2026-08-18,"The main article was checked, but referenced Supporting Information was not supplied. Temporal wavelength and bias, explicit -3 dB bandwidth, and LDR remain unresolved.",measured_noise,not_reported,Frequency-dependent device and instrument noise were measured at zero bias; the paper reports 2.56e-13 A/Hz^1/2 at 130 Hz but does not name the noise-acquisition instrument. The Keithley 2400 acquired I-V curves only.,"Main article PDF pp. 8-9, Figure 6f and Section 3.5; PDF p. 3, Characterization",directly_reported,"Main article PDF pp. 8-9, Figure 6f-i and Section 3.5",reviewed,green,,,"Approved by Shlok on 2026-08-18. Room temperature is stated without an exact kelvin value. D* uses measured noise, device area 0.09 cm2, and 1 Hz noise-equivalent bandwidth.",2026-08-18,2026-08-22
wang-2026-hgte-cdhgte-etl-1560-zero,wang-2026-hgte-cdhgte-etl-champion,1560,7.41e11,0.62651,1560,0,,"Main article PDF pp. 7-8, Figure 5e and Section 3.4",directly_reported,130,50.2,130,,0,130,,24.9e-6,26.9e-6,Rise and fall times; threshold convention not reported.,,,"Main article PDF pp. 7-8, Figure 5b and Section 3.4",measured,directly_reported,13400,,"Main article PDF pp. 7-8, Figure 5c and Section 3.4",measured,directly_reported,,,,,,,ambiguous,source_unavailable,2026-08-18,"The main article was checked, but referenced Supporting Information was not supplied. The temporal-response and bandwidth bias/wavelength are not explicitly assigned; LDR remains unresolved.",measured_noise,dedicated_noise_analyzer,LFN-2000 Low-Frequency Noise Test System (Wuxi XINJIAN Semiconductor Technology) acquired the dark zero-bias noise spectrum. The measured noise was 2.49e-13 A/Hz^1/2 at 130 Hz; the Keithley 2400 acquired I-V curves only.,"Main article PDF p. 3, Section 2.5; pp. 7-8, Figure 5g and Section 3.4",directly_reported,"Main article PDF pp. 7-8, Figure 5g-h and Section 3.4",reviewed,green,,,"Approved by Shlok on 2026-08-18. Room temperature is stated without an exact kelvin value. D* uses measured noise, device area 0.09 cm2, and 1 Hz noise-equivalent bandwidth.",2026-08-18,2026-08-22
wen-2025-pbse-igzo-tbai-1064,wen-2025-pbse-igzo-tbai,1064,1.15e14,2.63e4,1064,50,,"Main article PDF pp. 1 and 5, abstract and Figure 4a discussion",directly_reported,,,,,50,,,,,,,,,,,,,,,,,,,,,,,source_unavailable,2026-08-19,"Main article checked; Supporting Information was not supplied. Numeric rise/fall times, explicit -3 dB bandwidth, and LDR could not be established. The TBAI device shows persistent trapped-charge response.",shot_noise_approximation,not_applicable,D* was calculated as R*sqrt(A)/sqrt(2qIdark). Frequency-dependent measured noise spectra are in unavailable Supporting Information and were not used in the reported D* equation. The Keithley 4200 SCS acquired electrical characteristics only.,"Main article PDF p. 5, Figure 4a discussion and D* equation; PDF p. 3, Characterization",directly_reported,"Main article PDF pp. 1 and 5, abstract and Figure 4a discussion",reviewed,amber,shot_noise_approximation,Detectivity is based on a dark-current shot-noise approximation rather than a measured total-noise spectrum.,Approved by Shlok on 2026-08-19. D* and R are the lowest-irradiance maxima at VGS=+50 V and VDS=+50 V; irradiance is only graphical in the supplied article.,2026-08-19,2026-08-19
wen-2025-pbse-igzo-mpa-large-1550,wen-2025-pbse-igzo-mpa-large,1550,2.88e15,4.96e5,1550,50,,"Main article PDF pp. 1 and 6-7, abstract, Figure 5b discussion, and Conclusions",directly_reported,,,,,50,,,,,,,,,,,,,,,,,,,,,,,source_unavailable,2026-08-19,"Main article checked; Supporting Information was not supplied. No device-matched numeric temporal response, explicit -3 dB bandwidth, or LDR was established.",shot_noise_approximation,not_applicable,"D* was calculated from responsivity, channel area, and dark-current shot noise. The Keithley 4200 SCS acquired electrical characteristics only.","Main article PDF pp. 5-6, D* equation and Figure 5b discussion; PDF p. 3, Characterization",directly_reported,"Main article PDF pp. 1 and 6-7, abstract, Figure 5b discussion, and Conclusions",reviewed,amber,shot_noise_approximation,Detectivity is based on a dark-current shot-noise approximation rather than a measured total-noise spectrum.,"Approved by Shlok on 2026-08-19. D* and R are the maxima at VGS=+50 V and VDS=+50 V. The introduction gives higher summary values, but the abstract, results, and conclusion consistently support 2.88e15 Jones and 4.96e5 A/W.",2026-08-19,2026-08-19
pan-2025-ag2te-zno-940,pan-2025-ag2te-zno-device,940,2.1e11,1521.9,940,40,,"Main article PDF pp. 3-5, Figure 3e, Table 1, and Conclusions",directly_reported,,,,,40,,,0.01906,0.02004,10-90% rise time and 90-10% fall time,940,,"Main article PDF pp. 2-3, temporal-response definition and Figure 4a discussion",measured,directly_reported,,,,not_reported,not_reported,,,,,,,not_reported,checked,2026-08-19,The complete main article was checked and states that all study data are in the main text. No explicit -3 dB bandwidth or LDR was reported.,shot_noise_approximation,not_applicable,D* was calculated as R/sqrt(2qJdark); no measured total-noise acquisition is reported.,"Main article PDF p. 2, Equation 3",directly_reported,"Main article PDF pp. 3-5, Figure 3e, Table 1, and Conclusions",reviewed,amber,shot_noise_approximation,Detectivity is based on a dark-current shot-noise approximation rather than a measured total-noise spectrum.,"Approved by Shlok on 2026-08-19. Champion measured at 3.17 uW/cm2, VDS=40 V, and approximately VGS=60 V. Approximate lower-bound results at 895 and 1000 nm and the aged-device value are not imported.",2026-08-19,2026-08-19
kim-2023-inas-znon-graded-905,kim-2023-inas-znon-graded,905,5.32e16,1.15e5,905,10,,"Main article PDF pp. 1 and 7-8, abstract and Figure 6a-b discussion",directly_reported,,1.58e7,,,10,,,2.43,4.16,Rise and fall times; threshold convention not reported,,,"Main article PDF p. 8, discussion citing Supporting Information Figure S11",measured,directly_reported,,,,,ambiguous,,,,,,,ambiguous,source_unavailable,2026-08-19,"Main article checked; Supporting Information was not supplied. The 2.43/4.16 s temporal values are device-matched but their wavelength and bias are not assigned in the main text. An 80 dB LDR is reported at VGS=-7 V, not at the +20 V champion condition; no explicit -3 dB bandwidth was established.",shot_noise_approximation,not_applicable,D* was calculated as R*sqrt(A)/sqrt(2qIdark). The Agilent 4155C measured device characteristics and is not reported as acquiring a noise spectrum.,"Main article PDF pp. 7 and 10, Equation 6 and Characterization",directly_reported,"Main article PDF pp. 1 and 7-8, abstract and Figure 6b discussion",reviewed,amber,shot_noise_approximation,Detectivity is based on a dark-current shot-noise approximation rather than a measured total-noise spectrum.,"Approved by Shlok on 2026-08-19. Headline champion at 2 uW/cm2, VGS=+20 V, and VDS=+10 V. The EQE value is reported for the same gate voltage and irradiance. Lower-gate/intensity series and the control device are held.",2026-08-19,2026-08-19
lee-2026-inas-cl-980,lee-2026-inas-cl-device,980,3.2e12,0.198,980,0,,"Main article PDF pp. 6-7, Figure 4d-e and accompanying text; PDF p. 10, Section 4.4.14",calculated_from_reported_values,25,25.1,25,298,0,10000,,,3.7e-7,90-10% fall time,940,0,"Main article PDF p. 7, Figure 4f and accompanying text; PDF p. 10, Section 4.4.15",measured,directly_reported,,,,,,,,,,,,,source_unavailable,2026-08-19,"The main article was checked, but referenced Supporting Information was not supplied. No explicit -3 dB bandwidth or LDR was established. D* combines responsivity/EQE acquired with 25 Hz optical chopping and NSD evaluated at 10 kHz.",measured_noise,transient_current_fft,Device current was amplified by an SR570 low-noise current preamplifier and processed by FFT; downstream acquisition hardware was not identified. The disconnected-device background was measured under identical settings. The Keithley 2401 acquired J-V curves only.,"Main article PDF pp. 9-10, Sections 4.4.12-4.4.14; PDF p. 7, Figure 4c",directly_reported,"Main article PDF pp. 6-7, Figure 4c-e and accompanying text",reviewed,amber,below_preamplifier_noise_floor|frequency_mismatch,"The disconnected-device background spectrum is below the SR570 preamplifier background noise. In addition, D* combines responsivity/EQE measured with 25 Hz optical chopping and noise evaluated at 10 kHz.",Approved by Shlok on 2026-08-19. The reported NSD is 0.016 pA/Hz^1/2 at 10 kHz. The explicit frequency mismatch independently requires amber.,2026-08-19,2026-08-19
lee-2026-inas-br-980,lee-2026-inas-br-device,980,7.2e11,0.156,980,0,,"Main article PDF pp. 6-7, Figure 4d-e and accompanying text; PDF p. 10, Section 4.4.14",calculated_from_reported_values,25,19.8,25,298,0,10000,,,1.44e-6,90-10% fall time,940,0,"Main article PDF p. 7, Figure 4f and accompanying text; PDF p. 10, Section 4.4.15",measured,directly_reported,,,,,,,,,,,,,source_unavailable,2026-08-19,"The main article was checked, but referenced Supporting Information was not supplied. No explicit -3 dB bandwidth or LDR was established. D* combines responsivity/EQE acquired with 25 Hz optical chopping and NSD evaluated at 10 kHz.",measured_noise,transient_current_fft,Device current was amplified by an SR570 low-noise current preamplifier and processed by FFT; downstream acquisition hardware was not identified. The disconnected-device background was measured under identical settings. The Keithley 2401 acquired J-V curves only.,"Main article PDF pp. 9-10, Sections 4.4.12-4.4.14; PDF p. 7, Figure 4c",directly_reported,"Main article PDF pp. 6-7, Figure 4c-e and accompanying text",reviewed,amber,below_preamplifier_noise_floor|frequency_mismatch,"The disconnected-device background spectrum is below the SR570 preamplifier background noise. In addition, D* combines responsivity/EQE measured with 25 Hz optical chopping and noise evaluated at 10 kHz.",Approved by Shlok on 2026-08-19. The reported NSD is 0.068 pA/Hz^1/2 at 10 kHz. The explicit frequency mismatch independently requires amber.,2026-08-19,2026-08-19
lee-2026-inas-i-980,lee-2026-inas-i-device,980,1.8e9,0.0314,980,0,,"Main article PDF pp. 6-7, Figure 4d-e and accompanying text; PDF p. 10, Section 4.4.14",calculated_from_reported_values,25,3.97,25,298,0,10000,,,2.38e-6,90-10% fall time,940,0,"Main article PDF p. 7, Figure 4f and accompanying text; PDF p. 10, Section 4.4.15",measured,directly_reported,,,,,,,,,,,,,source_unavailable,2026-08-19,"The main article was checked, but referenced Supporting Information was not supplied. No explicit -3 dB bandwidth or LDR was established. D* combines responsivity/EQE acquired with 25 Hz optical chopping and NSD evaluated at 10 kHz.",measured_noise,transient_current_fft,Device current was amplified by an SR570 low-noise current preamplifier and processed by FFT; downstream acquisition hardware was not identified. The disconnected-device background was measured under identical settings. The Keithley 2401 acquired J-V curves only.,"Main article PDF pp. 9-10, Sections 4.4.12-4.4.14; PDF p. 7, Figure 4c",directly_reported,"Main article PDF pp. 6-7, Figure 4c-e and accompanying text",reviewed,amber,below_preamplifier_noise_floor|frequency_mismatch,"The disconnected-device background spectrum is below the SR570 preamplifier background noise. In addition, D* combines responsivity/EQE measured with 25 Hz optical chopping and noise evaluated at 10 kHz.",Approved by Shlok on 2026-08-19. The reported NSD is 2.90 pA/Hz^1/2 at 10 kHz. The explicit frequency mismatch independently requires amber.,2026-08-19,2026-08-19
zhang-2025-insb-me-1450-neg1,zhang-2025-insb-me-device,1450,1.2e10,0.33,1450,-1,,"Main article PDF p. 8, detectivity discussion",calculated_from_reported_values,,28,,,-1,10000,,,2.5e-6,Fall time; threshold convention not reported.,,-1,"Main article PDF pp. 7-8, Figure 5f and accompanying text",measured,directly_reported,,,,,,,,,,,,,source_unavailable,2026-08-23,"Main article checked; Supporting Information was not supplied. No rise time, explicit -3 dB bandwidth, or LDR was established from the supplied source. The transient-response wavelength is not stated.",measured_noise,not_reported,D* uses a measured noise current of 9.0e-12 A/Hz^1/2 at 10 kHz; the supplied main article does not identify the noise-acquisition instrument.,"Main article PDF p. 8, detectivity discussion and Supporting Information Figure S15 reference",directly_reported,"Main article PDF p. 8, detectivity discussion",reviewed,unverified,,,"Approved by Shlok on 2026-08-23. Responsivity was calculated from EQE, but the EQE modulation frequency is not reported, so compatibility with the 10 kHz noise value cannot be verified. The paper reports 1 V reverse bias; stored as -1 V.",2026-08-23,2026-08-23
liu-2025-insb-hcl-2400-5v,liu-2025-insb-hcl-device,2400,7.4e7,0.0147,2400,5,,"Main article PDF p. 4, Figure 3d and accompanying text",directly_reported,,,,,5,1000,,8.03e-6,2.79e-3,10-90% rise time and 1/e decay time.,,5,"Main article PDF pp. 4-5, Figure 3f and transient-response discussion",measured,directly_reported,12600,5,"Main article PDF p. 5, Figure 4a and frequency-response discussion",measured,directly_reported,70,,,,Lower bound (>70 dB) under 1550 nm illumination.,"Main article PDF p. 5, Figure 4b and accompanying text",directly_reported,source_unavailable,2026-08-23,"Main article checked; Supporting Information was not supplied. Temporal response was measured with several pulsed-laser wavelengths, so no single wavelength is assigned. The explicit 12.6 kHz -3 dB bandwidth and >70 dB LDR were measured at 1550 nm.",measured_noise,not_reported,The measured noise spectrum reaches 1.5e-13 A/Hz^1/2 at 1 kHz; the supplied main article does not identify the acquisition instrument.,"Main article PDF p. 5, Figure 4c and noise discussion",directly_reported,"Main article PDF p. 5, Figure 4e and accompanying text",reviewed,unverified,,,"Approved by Shlok on 2026-08-23. The wavelength-dependent responsivity acquisition frequency is not reported, so compatibility with the 1 kHz noise value cannot be verified. Room temperature is stated without an exact kelvin value.",2026-08-23,2026-08-23
liu-2025-insb-hcl-3000-5v,liu-2025-insb-hcl-device,3000,4.7e7,0.0108,3000,5,,"Main article PDF p. 4, Figure 3d",graphically_extracted,,,,,5,1000,,,,,,,,,,,,,,,,,,,,,,source_unavailable,2026-08-23,"Main article checked; Supporting Information was not supplied. Device-level temporal response, 12.6 kHz -3 dB bandwidth, and >70 dB LDR are retained on the 2400 nm measurement row.",measured_noise,not_reported,The measured noise spectrum reaches 1.5e-13 A/Hz^1/2 at 1 kHz; the supplied main article does not identify the acquisition instrument.,"Main article PDF p. 5, Figure 4c and noise discussion",directly_reported,"Main article PDF pp. 1 and 5, abstract and Figure 4e discussion",reviewed,unverified,,,"Approved by Shlok on 2026-08-23. The wavelength-dependent responsivity acquisition frequency is not reported, so compatibility with the 1 kHz noise value cannot be verified. Room temperature is stated without an exact kelvin value. Responsivity is approximately 10.8 mA/W from Figure 3d.",2026-08-23,2026-08-23
liu-2025-insb-hcl-3500-5v,liu-2025-insb-hcl-device,3500,3.1e7,0.0062,3500,5,,"Main article PDF p. 4, Figure 3d",graphically_extracted,,,,,5,1000,,,,,,,,,,,,,,,,,,,,,,source_unavailable,2026-08-23,"Main article checked; Supporting Information was not supplied. Device-level temporal response, 12.6 kHz -3 dB bandwidth, and >70 dB LDR are retained on the 2400 nm measurement row.",measured_noise,not_reported,The measured noise spectrum reaches 1.5e-13 A/Hz^1/2 at 1 kHz; the supplied main article does not identify the acquisition instrument.,"Main article PDF p. 5, Figure 4c and noise discussion",directly_reported,"Main article PDF p. 5, Figure 4e and accompanying text",reviewed,unverified,,,"Approved by Shlok on 2026-08-23. The wavelength-dependent responsivity acquisition frequency is not reported, so compatibility with the 1 kHz noise value cannot be verified. Room temperature is stated without an exact kelvin value. Responsivity is approximately 6.2 mA/W from Figure 3d.",2026-08-23,2026-08-23
kim-2024-ag2te-cli-1700-0p3,kim-2024-ag2te-cli-device,1700,9.0e10,0.23,1700,0.3,,"Main article PDF p. 6, Figure 5c-d and accompanying text",directly_reported,210,16,210,,0.3,,,,2.7e-6,Fall time; threshold convention not reported.,1310,0.3,"Main article PDF p. 6, Figure 5b; Supporting Information PDF p. 4, Speed measurement",measured,directly_reported,,,,,not_reported,,,,,,,not_reported,checked,2026-08-23,"Main article and supplied Supporting Information checked. No numeric rise time, explicit -3 dB bandwidth, or LDR was reported. The speed test used 10 kHz modulation at 1310 nm.",measured_noise,spectrum_analyzer,An SRS SR570 low-noise current preamplifier fed an SRS SR785 dynamic signal analyzer for the frequency-dependent noise spectrum.,"Supporting Information PDF p. 4, Noise current measurement; p. 15, Figure S11",directly_reported,"Main article PDF p. 6, Figure 5c and detectivity discussion; Supporting Information PDF p. 15, Figure S11",reviewed,unverified,,,"Approved by Shlok on 2026-08-23. EQE and corresponding responsivity were acquired at 210 Hz, but the source does not identify which noise-spectrum frequency was used for D*, so frequency compatibility cannot be verified.",2026-08-23,2026-08-23
dai-2025-bi-ag2te-1460-zero,dai-2025-bi-ag2te-device,1460,7.67e10,0.13,1460,0,,"Main article PDF p. 5, Figure 3f and accompanying text",directly_reported,,11.2,,,0,,,,,,,,,,,,,,,,72.7,,,,Lower bound (>=72.70 dB) at zero bias.,"Main article PDF pp. 5-6, Figure 4c and accompanying text",directly_reported,source_unavailable,2026-08-23,Main article checked; Supporting Information was not supplied. No temporal response or explicit -3 dB bandwidth was established. The separate 0.3 V operating point reaches about 30% EQE and 0.33 A/W but is not paired with the zero-bias D*.,measured_noise,dedicated_noise_analyzer,An LFN-1000 low-frequency noise test system acquired the zero-bias spectrum; the paper reports 4.30e-13 A/Hz^1/2 for the Bi-doped device. The Keithley 4200A-SCS acquired J-V characteristics only.,"Main article PDF p. 3, Device Measurements; p. 5, Figure 4a and accompanying text",directly_reported,"Main article PDF p. 5, Figure 4b and accompanying text",reviewed,unverified,,,"Approved by Shlok on 2026-08-23. The EQE/responsivity acquisition frequency and the specific noise-spectrum frequency used for D* are not reported, so frequency compatibility cannot be verified. Room temperature is stated without an exact kelvin value.",2026-08-23,2026-08-23
dai-2025-ag2te-control-1460-zero,dai-2025-ag2te-control-device,1460,1.66e9,0.01,1460,0,,"Main article PDF p. 5, Figure 3f and comparative responsivity discussion",directly_reported,,1.14,,,0,,,,,,,,,,,,,,,,68.95,,,,Reported 68.95 dB LDR at zero bias.,"Main article PDF pp. 5-6, Figure 4c and accompanying text",directly_reported,source_unavailable,2026-08-23,Main article checked; Supporting Information was not supplied. No temporal response or explicit -3 dB bandwidth was established for the undoped control.,measured_noise,dedicated_noise_analyzer,An LFN-1000 low-frequency noise test system acquired the zero-bias spectrum; the paper reports 2.07e-12 A/Hz^1/2 for the undoped device. The Keithley 4200A-SCS acquired J-V characteristics only.,"Main article PDF p. 3, Device Measurements; p. 5, Figure 4a and accompanying text",directly_reported,"Main article PDF p. 5, Figure 4b and accompanying text",reviewed,unverified,,,"Approved by Shlok on 2026-08-23. The EQE/responsivity acquisition frequency and the specific noise-spectrum frequency used for D* are not reported, so frequency compatibility cannot be verified. Room temperature is stated without an exact kelvin value.",2026-08-23,2026-08-23
wang-2026-pbs-2pca-1650,wang-2026-pbs-2pca-device,1650,3.58e11,0.46,1650,,,"Main article PDF pp. 1 and 6-7, abstract, Figure 4e-g, and accompanying text",directly_reported,,35,,,,500,,0.00019,0.00011,10-90% rise time and 90-10% fall time,1550,,"Main article PDF p. 6, Figure 4f and accompanying text",measured,directly_reported,,,,,ambiguous,,,,,,,ambiguous,source_unavailable,2026-08-23,"The main article was checked, but referenced Supporting Information was not supplied. No explicit -3 dB bandwidth or LDR was established. The source conflicts on whether the spectral R/EQE/D* curves are at zero or -0.5 V, so bias is left blank.",measured_noise,not_reported,The authors selected the measured noise current at 500 Hz and calculated D* as R*sqrt(A*delta-f)/In for a 0.15 cm2 device. The supplied main article does not identify the noise-acquisition instrument.,"Main article PDF pp. 6-7, Figure S15 reference, D* equation, and accompanying text",directly_reported,"Main article PDF pp. 1 and 6-7, abstract, Figure 4g, and accompanying text",reviewed,unverified,,,"Approved by Shlok on 2026-08-23. Only the directly reported 2-PCA value is retained; graph-only control and unavailable 2-MPY values are excluded. Responsivity/EQE frequency is not reported, so compatibility with the 500 Hz noise value cannot be verified.",2026-08-23,2026-08-23
xie-2025-cotic4cl-modified-500-zero,xie-2025-perovskite-cotic4cl-modified,500,1.52e14,0.378,500,0,,"Main article PDF p. 7, Table 1",directly_reported,,,,,0,,,,,,,,,,,,,,,,,,,,,,,source_unavailable,2026-08-23,"The main article was checked, but referenced Supporting Information was not supplied. Device-level temporal response, explicit -3 dB bandwidth, and LDR are retained on the modified 770 nm zero-bias row.",shot_noise_approximation,not_applicable,"D* was calculated as R/sqrt(2qJd) from responsivity and dark-current density. Separately plotted measured noise currents were not used in the tabulated D* equation, and their acquisition instrument is not identified. The Keithley 2420 acquired J-V curves only.","Main article PDF p. 7, Equation 3 and Table 1; p. 9, Characterization",directly_reported,"Main article PDF p. 7, Table 1",reviewed,amber,shot_noise_approximation,Detectivity is based on a dark-current shot-noise approximation rather than the separately reported measured-noise spectrum.,Approved by Shlok on 2026-08-23. Frequency matching is not applicable to the modeled-noise D* value.,2026-08-23,2026-08-23
xie-2025-cotic4cl-modified-770-zero,xie-2025-perovskite-cotic4cl-modified,770,1.84e14,0.486,770,0,,"Main article PDF p. 7, Table 1 and accompanying text",directly_reported,,,,,0,,6.70e-7,0.000274,0.000766,TPC 1/e peak-to-baseline response time; 10-90% rise time and 90-10% fall time,517,,"Main article PDF p. 8, Figure 5g and Figure 6e-f",measured,directly_reported,242,,"Main article PDF p. 8, Figure 6d and accompanying text",measured,directly_reported,103,,,,20log(Jmax/Jmin) over the reported linear photocurrent range,"Main article PDF p. 8, Figure 6c and Equation 5",directly_reported,source_unavailable,2026-08-23,"The main article was checked, but referenced Supporting Information was not supplied. The 517 nm wavelength applies to the 1/e TPC response; the main text does not assign a wavelength or bias to the separate rise/fall and cutoff-frequency tests.",shot_noise_approximation,not_applicable,"D* was calculated as R/sqrt(2qJd) from responsivity and dark-current density. Separately plotted measured noise currents were not used in the tabulated D* equation, and their acquisition instrument is not identified. The Keithley 2420 acquired J-V curves only.","Main article PDF p. 7, Equation 3 and Table 1; p. 9, Characterization",directly_reported,"Main article PDF pp. 1-2 and 7, abstract, Table 1, and accompanying text",reviewed,amber,shot_noise_approximation,Detectivity is based on a dark-current shot-noise approximation rather than the separately reported measured-noise spectrum.,Approved by Shlok on 2026-08-23. Frequency matching is not applicable to the modeled-noise D* value.,2026-08-23,2026-08-23
xie-2025-cotic4cl-modified-500-neg0p5,xie-2025-perovskite-cotic4cl-modified,500,2.36e12,0.381,500,-0.5,,"Main article PDF p. 7, Table 1",directly_reported,,,,,-0.5,,,,,,,,,,,,,,,,,,,,,,,source_unavailable,2026-08-23,"The main article was checked, but referenced Supporting Information was not supplied. Device-level temporal response, explicit -3 dB bandwidth, and LDR are retained on the modified 770 nm zero-bias row.",shot_noise_approximation,not_applicable,"D* was calculated as R/sqrt(2qJd) from responsivity and dark-current density. Separately plotted measured noise currents were not used in the tabulated D* equation, and their acquisition instrument is not identified. The Keithley 2420 acquired J-V curves only.","Main article PDF p. 7, Equation 3 and Table 1; p. 9, Characterization",directly_reported,"Main article PDF p. 7, Table 1",reviewed,amber,shot_noise_approximation,Detectivity is based on a dark-current shot-noise approximation rather than the separately reported measured-noise spectrum.,Approved by Shlok on 2026-08-23. Frequency matching is not applicable to the modeled-noise D* value.,2026-08-23,2026-08-23
xie-2025-cotic4cl-modified-770-neg0p5,xie-2025-perovskite-cotic4cl-modified,770,3.09e12,0.512,770,-0.5,,"Main article PDF pp. 1-2 and 7, abstract, Table 1, and accompanying text",directly_reported,,,,,-0.5,,,,,,,,,,,,,,,,,,,,,,,source_unavailable,2026-08-23,"The main article was checked, but referenced Supporting Information was not supplied. Device-level temporal response, explicit -3 dB bandwidth, and LDR are retained on the modified 770 nm zero-bias row.",shot_noise_approximation,not_applicable,"D* was calculated as R/sqrt(2qJd) from responsivity and dark-current density. Separately plotted measured noise currents were not used in the tabulated D* equation, and their acquisition instrument is not identified. The Keithley 2420 acquired J-V curves only.","Main article PDF p. 7, Equation 3 and Table 1; p. 9, Characterization",directly_reported,"Main article PDF pp. 1-2 and 7, abstract, Table 1, and accompanying text",reviewed,amber,shot_noise_approximation,Detectivity is based on a dark-current shot-noise approximation rather than the separately reported measured-noise spectrum.,Approved by Shlok on 2026-08-23. Frequency matching is not applicable to the modeled-noise D* value.,2026-08-23,2026-08-23
xie-2025-cotic4cl-control-770-zero,xie-2025-perovskite-cotic4cl-control,770,1.96e13,0.43,770,0,,"Main article PDF p. 7, control-device responsivity and detectivity discussion",directly_reported,,,,,0,,7.40e-7,0.01206,0.000792,TPC 1/e peak-to-baseline response time; 10-90% rise time and 90-10% fall time,517,,"Main article PDF p. 8, Figure 5g and Figure 6e-f",measured,directly_reported,174,,"Main article PDF p. 8, Figure 6d and accompanying text",measured,directly_reported,85,,,,20log(Jmax/Jmin) over the reported linear photocurrent range,"Main article PDF p. 8, Figure 6c and Equation 5",directly_reported,source_unavailable,2026-08-23,"The main article was checked, but referenced Supporting Information was not supplied. The 517 nm wavelength applies to the 1/e TPC response; the main text does not assign a wavelength or bias to the separate rise/fall and cutoff-frequency tests.",shot_noise_approximation,not_applicable,"D* was calculated as R/sqrt(2qJd) from responsivity and dark-current density. Separately plotted measured noise currents were not used in the reported D* equation, and their acquisition instrument is not identified. The Keithley 2420 acquired J-V curves only.","Main article PDF p. 7, Equation 3 and control-device discussion; p. 9, Characterization",directly_reported,"Main article PDF p. 7, Figure S10c reference and control-device discussion",reviewed,amber,shot_noise_approximation,Detectivity is based on a dark-current shot-noise approximation rather than the separately reported measured-noise spectrum.,Approved by Shlok on 2026-08-23. Only the directly stated 770 nm control value is retained; graph-only control values at other wavelengths and biases are excluded.,2026-08-23,2026-08-23
sergeeva-2024-hgte-all-fmt-1340-neg1-300k,sergeeva-2024-hgte-all-fmt-device,1340,1e10,40,1340,-1,300,"Main article PDF pp. 1 and 4-5, abstract, Figure 2c, and accompanying text",directly_reported,,,,300,-1,500,,0.000018,0.000019,10-90% rise time and 90-10% fall time,980,0,"Main article PDF p. 7, Figure 4a-b and accompanying text",measured,directly_reported,,,,,ambiguous,,,,,,,ambiguous,source_unavailable,2026-08-23,"The main article was checked, but referenced Supporting Information was not supplied. The zero-bias temporal response is device-matched but is stored separately from the -1 V D* condition. The generic approximately 0.2 MHz bandwidth and graph-only LDR were not assigned because their device-specific values are not sufficiently precise.",measured_noise,lock_in_amplifier,An SRS570 low-noise current preamplifier fed an SR830 lock-in amplifier for noise acquisition; battery banks supplied device bias. No second classified spectral acquisition instrument is reported.,"Main article PDF p. 10, Characterization",directly_reported,"Main article PDF pp. 1 and 4-5, abstract, Figure 2e, and accompanying text",reviewed,amber,lock_in_only_noise_measurement,A lock-in amplifier is the sole classified noise-acquisition instrument reported for the measured-noise D* value.,"Approved by Shlok on 2026-08-23. Only the directly reported all-FMT headline value is retained; graph-only temperature and bias points are excluded. Responsivity was measured under steady-state illumination while noise was evaluated at 500 Hz, so the signal/noise frequency match is not established; amber takes precedence.",2026-08-23,2026-08-23
feng-2025-pbs-multiple-injection-1550-zero,feng-2025-pbs-multiple-injection-device,1550,1.16e11,0.29,1550,0,,"Main article PDF pp. 2-3 and 10, abstract, Figure 6e, and accompanying text",directly_reported,,23,,,0,,,0.00014,0.00008,10-90% rise time and 90-10% fall time,,0,"Main article PDF p. 9, Figure 6c and accompanying text",measured,directly_reported,,,,,ambiguous,,,,,,,ambiguous,source_unavailable,2026-08-23,"The main article was checked, but referenced Supporting Information was not supplied. No explicit -3 dB bandwidth or LDR was established. The temporal-response wavelength is not assigned in the main text.",shot_noise_approximation,not_applicable,"D* was calculated as R*sqrt(A)/sqrt(2eIdark) from responsivity, active area, and dark current. The 4200A-SCS parameter analyzer was reported for device electrical characterization only; no measured total-noise acquisition was used for D*.","Main article PDF pp. 4 and 10, Characterization and Equation 3",directly_reported,"Main article PDF pp. 2-3 and 10, abstract, Equation 3, and Conclusions",reviewed,amber,shot_noise_approximation,Detectivity is based on a dark-current shot-noise approximation rather than a measured total-noise spectrum.,Approved by Shlok on 2026-08-23. Frequency matching is not applicable to the modeled-noise D* value. Room temperature is stated without an exact kelvin value.,2026-08-23,2026-08-23
sadath-2025-control1-470-3v,sadath-2025-tcmhp-control1-device,470,1.5e9,0.173,470,3,,"Main article PDF p. 3, Table 1; p. 6, Figure 4b and accompanying text",directly_reported,,,,,3,,,0.45,,10-90% rise time and 90-10% fall time,470,3,"Main article PDF p. 3, Table 1; p. 7, Figure 5 and accompanying text",measured,directly_reported,,,,,,,,,,,,,source_unavailable,2026-08-23,Main article checked; Supporting Information was not supplied. No explicit -3 dB bandwidth or LDR is established. Control 1 fall time is excluded because Table 1 reports 550 ms while the detailed Results text reports 515 ms.,shot_noise_approximation,not_applicable,"D* was calculated as R*sqrt(A)/sqrt(2eIdark) from responsivity, active area, and dark current. The Keithley 4200A parameter analyzer acquired dark and photocurrent only; no measured total-noise acquisition applies.","Main article PDF pp. 6-7, detectivity equation and discussion; p. 9, Device Characterization",directly_reported,"Main article PDF p. 3, Table 1; pp. 6-7, Figure 4c and accompanying text",reviewed,amber,shot_noise_approximation,Detectivity is based on a dark-current shot-noise approximation rather than a measured total-noise spectrum.,Approved by Shlok on 2026-08-23. Only internally consistent values are retained; the conflicting control 1 fall time is omitted.,2026-08-23,2026-08-23
sadath-2025-control2-470-3v,sadath-2025-tcmhp-control2-device,470,3.1e10,11.4,470,3,,"Main article PDF p. 3, Table 1; p. 6, Figure 4b and accompanying text",directly_reported,,,,,3,,,0.0004,0.00043,10-90% rise time and 90-10% fall time,470,3,"Main article PDF p. 3, Table 1; p. 7, Figure 5 and accompanying text",measured,directly_reported,,,,,,,,,,,,,source_unavailable,2026-08-23,Main article checked; Supporting Information was not supplied. No explicit -3 dB bandwidth or LDR is established.,shot_noise_approximation,not_applicable,"D* was calculated as R*sqrt(A)/sqrt(2eIdark) from responsivity, active area, and dark current. The Keithley 4200A parameter analyzer acquired dark and photocurrent only; no measured total-noise acquisition applies.","Main article PDF pp. 6-7, detectivity equation and discussion; p. 9, Device Characterization",directly_reported,"Main article PDF p. 3, Table 1; pp. 6-7, Figure 4c and accompanying text",reviewed,amber,shot_noise_approximation,Detectivity is based on a dark-current shot-noise approximation rather than a measured total-noise spectrum.,"Approved by Shlok on 2026-08-23. The reported 470 nm, 3 V control-2 measurement is retained.",2026-08-23,2026-08-23
sadath-2025-plasmonic-470-3v,sadath-2025-tcmhp-plasmonic-device,470,2.19e12,1880,470,3,,"Main article PDF p. 3, Table 1; p. 6, Figure 4b and accompanying text",directly_reported,,,,,3,,,0.0006,0.00065,10-90% rise time and 90-10% fall time,470,3,"Main article PDF p. 3, Table 1; p. 7, Figure 5 and accompanying text",measured,directly_reported,,,,,,,,,,,,,source_unavailable,2026-08-23,Main article checked; Supporting Information was not supplied. No explicit -3 dB bandwidth or LDR is established.,shot_noise_approximation,not_applicable,"D* was calculated as R*sqrt(A)/sqrt(2eIdark) from responsivity, active area, and dark current. The Keithley 4200A parameter analyzer acquired dark and photocurrent only; no measured total-noise acquisition applies.","Main article PDF pp. 6-7, detectivity equation and discussion; p. 9, Device Characterization",directly_reported,"Main article PDF pp. 3 and 8, Table 1 and performance summary; pp. 6-7, Figure 4c and accompanying text",reviewed,amber,shot_noise_approximation,Detectivity is based on a dark-current shot-noise approximation rather than a measured total-noise spectrum.,"Approved by Shlok on 2026-08-23. The reported 470 nm, 3 V plasmonic-device measurement is retained.",2026-08-23,2026-08-23
hung-2025-ddab0-530,hung-2025-fapbbr3-ddab0-device,530,1.13e11,0.04,530,,,"Main article PDF p. 7, Figure 7c-d and accompanying text",directly_reported,,10.1,,,,,,0.00016387,0.00009202,10-90% rise time and 90-10% fall time under 530 nm illumination at 1 mW and 1 kHz flicker,530,,"Main article PDF p. 8, Table 2 and temporal-response discussion",measured,directly_reported,3000,,"Main article PDF p. 8, Table 2 and explicit -3 dB cutoff discussion",measured,directly_reported,62.49,,,,20log(Pmax/Pmin) under 530 nm illumination,"Main article PDF p. 8, Figure 8, Equation 4, and Table 2",directly_reported,source_unavailable,2026-08-23,"The main article reports device-level timing, explicit -3 dB cutoff, and LDR values, but the referenced Supporting Information was not supplied. D* bias and signal/noise acquisition frequencies are left blank.",unspecified,not_reported,"The source calculates D* as SR*sqrt(A*B)/i, where i is described as dark current; it does not identify a total-noise acquisition instrument or the signal/noise frequencies used for D*.","Main article PDF p. 7, Equation 3 and accompanying text",directly_reported,"Main article PDF pp. 7-8, Figure 7d, accompanying text, and Table 2",reviewed,unverified,,,"Approved by Shlok on 2026-08-23. The reported D* value is exact, but the responsivity/EQE and noise frequencies are not established. Bias is left blank. DDAB*2 and 350 nm rows are excluded conservatively.",2026-08-23,2026-08-23
hung-2025-ddab1-530,hung-2025-fapbbr3-ddab1-device,530,1.75e11,,,,,,,,15.51,,,,,,0.00001143,0.00000968,10-90% rise time and 90-10% fall time under 530 nm illumination at 1 mW and 1 kHz flicker,530,,"Main article PDF p. 8, Table 2 and temporal-response discussion",measured,directly_reported,25000,,"Main article PDF p. 8, Table 2 and explicit -3 dB cutoff discussion",measured,directly_reported,84.81,,,,20log(Pmax/Pmin) under 530 nm illumination,"Main article PDF p. 8, Figure 8, Equation 4, and Table 2",directly_reported,source_unavailable,2026-08-23,"The main article reports device-level timing, explicit -3 dB cutoff, and LDR values, but the referenced Supporting Information was not supplied. D* bias and signal/noise acquisition frequencies are left blank.",unspecified,not_reported,"The source calculates D* as SR*sqrt(A*B)/i, where i is described as dark current; it does not identify a total-noise acquisition instrument or the signal/noise frequencies used for D*.","Main article PDF p. 7, Equation 3 and accompanying text",directly_reported,"Main article PDF p. 8, Table 2",reviewed,unverified,,,"Approved by Shlok on 2026-08-23. The reported D* value is exact, but the responsivity/EQE and noise frequencies are not established. Bias is left blank. DDAB*2 and 350 nm rows are excluded conservatively.",2026-08-23,2026-08-23
hung-2025-ddab3-530,hung-2025-fapbbr3-ddab3-device,530,3.99e11,,,,,,,,23.89,,,,,,0.00001199,0.00001019,10-90% rise time and 90-10% fall time under 530 nm illumination at 1 mW and 1 kHz flicker,530,,"Main article PDF p. 8, Table 2 and temporal-response discussion",measured,directly_reported,23000,,"Main article PDF p. 8, Table 2 and explicit -3 dB cutoff discussion",measured,directly_reported,98.36,,,,20log(Pmax/Pmin) under 530 nm illumination,"Main article PDF p. 8, Figure 8, Equation 4, and Table 2",directly_reported,source_unavailable,2026-08-23,"The main article reports device-level timing, explicit -3 dB cutoff, and LDR values, but the referenced Supporting Information was not supplied. D* bias and signal/noise acquisition frequencies are left blank.",unspecified,not_reported,"The source calculates D* as SR*sqrt(A*B)/i, where i is described as dark current; it does not identify a total-noise acquisition instrument or the signal/noise frequencies used for D*.","Main article PDF p. 7, Equation 3 and accompanying text",directly_reported,"Main article PDF p. 8, Table 2",reviewed,unverified,,,"Approved by Shlok on 2026-08-23. The reported D* value is exact, but the responsivity/EQE and noise frequencies are not established. Bias is left blank. DDAB*2 and 350 nm rows are excluded conservatively.",2026-08-23,2026-08-23
mei-2023-mapbbr3-nanoplate-520-2v,mei-2023-mapbbr3-nanoplate-device,520,5.37e12,5.04,520,2,,"Main article PDF p. 4, Figure 2f and accompanying text",directly_reported,,1200,,,2,,,8e-5,1.1e-4,10-90% rise time and 90-10% fall time,520,2,"Main article PDF pp. 4-5, Figure 2g-h and accompanying text",measured,directly_reported,3200,2,"Main article PDF p. 5, source estimate from the reported 110 us fall time",measured,calculated_from_reported_values,122,1.1e-10,1.2e-4,W,Reported measured range from 0.11 nW to 0.12 mW; the predicted >280 dB value is excluded.,"Main article PDF p. 4, Figure 2d and accompanying text",directly_reported,source_unavailable,2026-08-23,"Main article checked; Supporting Information was not supplied. The 3.2 kHz value is the paper's explicit f-3dB estimate using 0.35/110 us, not an independently measured cutoff. Infrared responsivities without corresponding D* values and the predicted >280 dB LDR are excluded.",measured_noise,transient_current_fft,Total noise of 1.9e-15 A/Hz^1/2 at 2 V was extracted by FFT of a dark-current time trace; the acquisition hardware is not identified. The Keithley 6482 is explicitly identified only for I-V measurements.,"Main article PDF p. 4, Figure 2e; p. 11, Device Fabrication and Measurements",directly_reported,"Main article PDF p. 4, Figure 2f and accompanying text",reviewed,unverified,,,"Approved by Shlok on 2026-08-23. D* uses measured total noise; the statement that shot noise dominates does not make this a shot-noise approximation. Responsivity and noise frequencies are not established, so the row is unverified.",2026-08-23,2026-08-23
angela-2024-me4pacz-710-neg0p5,angela-2024-sam-me4pacz-device,710,3.7e9,0.35,710,-0.5,,"Main article PDF p. 4, Figure 3c-d and accompanying text",directly_reported,,,,,-0.5,1000,,1.04e-5,1.14e-5,Threshold convention not reported.,530,,"Main article PDF p. 5 and Methods, rise/fall-time discussion",measured,directly_reported,,,,,ambiguous,43.4,,,,Reported LDR for the Me-4PACz device.,"Main article PDF p. 4, Figure S8 reference and accompanying text",directly_reported,source_unavailable,2026-08-23,Main article checked; Supporting Information was not supplied. The reported 224 kHz cutoff is excluded because the Methods state a 100 Hz to 100 kHz measurement sweep. Rise/fall bias is not reported.,measured_noise,oscilloscope_fft,A Siglent SDS6054A digital oscilloscope and Femto DHPCA-100 high-speed current amplifier acquired the dark noise time trace; FFT produced the spectrum. The Keithley 4200 measured J-V only.,"Main article PDF p. 5, Noise Measurements",directly_reported,"Main article PDF pp. 4-5, Figure 3d and Table 1",reviewed,unverified,,,"Approved by Shlok on 2026-08-23. Responsivity acquisition frequency is not reported, so compatibility with the 1000 Hz noise value cannot be verified.",2026-08-23,2026-08-23
angela-2024-sam-blend-710-neg0p5,angela-2024-sam-blend-device,710,6.4e11,0.41,710,-0.5,,"Main article PDF pp. 1 and 4, abstract, Figure 3c-d, and accompanying text",directly_reported,,,,,-0.5,1000,,2.1e-6,2.2e-6,Threshold convention not reported.,530,,"Main article PDF p. 5 and Methods, rise/fall-time discussion",measured,directly_reported,,,,,ambiguous,107.4,,,,Reported LDR for the 1:1 blended-SAM device.,"Main article PDF p. 4, Figure S8 reference and accompanying text",directly_reported,source_unavailable,2026-08-23,Main article checked; Supporting Information was not supplied. The reported 398 kHz cutoff is excluded because the Methods state a 100 Hz to 100 kHz measurement sweep. Rise/fall bias is not reported.,measured_noise,oscilloscope_fft,A Siglent SDS6054A digital oscilloscope and Femto DHPCA-100 high-speed current amplifier acquired the dark noise time trace; FFT produced the spectrum. The Keithley 4200 measured J-V only.,"Main article PDF p. 5, Noise Measurements",directly_reported,"Main article PDF pp. 1 and 4-5, abstract, Figure 3d, and Table 1",reviewed,unverified,,,"Approved by Shlok on 2026-08-23. Responsivity acquisition frequency is not reported, so compatibility with the 1000 Hz noise value cannot be verified.",2026-08-23,2026-08-23
angela-2024-2pacz-710-neg0p5,angela-2024-sam-2pacz-device,710,1.3e11,0.4,710,-0.5,,"Main article PDF p. 4, Figure 3c-d and accompanying text",directly_reported,,,,,-0.5,1000,,1.9e-6,1.8e-6,Threshold convention not reported.,530,,"Main article PDF p. 5 and Methods, rise/fall-time discussion",measured,directly_reported,,,,,ambiguous,110.4,,,,Reported LDR for the 2-PACz device.,"Main article PDF p. 4, Figure S8 reference and accompanying text",directly_reported,source_unavailable,2026-08-23,Main article checked; Supporting Information was not supplied. The reported 355 kHz cutoff is excluded because the Methods state a 100 Hz to 100 kHz measurement sweep. Rise/fall bias is not reported.,measured_noise,oscilloscope_fft,A Siglent SDS6054A digital oscilloscope and Femto DHPCA-100 high-speed current amplifier acquired the dark noise time trace; FFT produced the spectrum. The Keithley 4200 measured J-V only.,"Main article PDF p. 5, Noise Measurements",directly_reported,"Main article PDF pp. 4-5, Figure 3d and Table 1",reviewed,unverified,,,"Approved by Shlok on 2026-08-23. Responsivity acquisition frequency is not reported, so compatibility with the 1000 Hz noise value cannot be verified.",2026-08-23,2026-08-23
ma-2023-perovskite-pbp-805-3v,ma-2023-perovskite-pbp-device,805,4.11e12,0.44,805,3,,Main article PDF p. 5 and Figure S8 reference,calculated_from_reported_values,,68,,,3,100,,,,,,,,,,344000,,"Main article PDF p. 6, Figure 4d and accompanying text",measured,directly_reported,,,,,,,ambiguous,source_unavailable,2026-08-23,Main article checked; Supporting Information was not supplied. No rise or fall time is assigned. The reported 160 dB LDR is excluded because the printed 0.62 nW/cm2 to 5.1 mW/cm2 linear range yields about 138.3 dB under the paper's stated 20log10(Pmax/Pmin) formula. Bandwidth bias is not reported.,measured_noise,not_reported,The paper directly measured 3.59e-13 A/Hz^1/2 at 100 Hz and 3 V but does not identify the noise-acquisition instrument.,"Main article PDF p. 5, Figure 4a and accompanying text",directly_reported,"Main article PDF pp. 5-6, Figure 4a-b and accompanying text",reviewed,unverified,,,"Approved by Shlok on 2026-08-23. Responsivity was calculated from the reported EQE; its acquisition frequency is not stated, so compatibility with the 100 Hz measured-noise value cannot be verified.",2026-08-23,2026-08-23
gong-2023-pbs-multi-interface-1100-neg0p5,gong-2023-pbs-multi-interface-device,1100,1.42e12,0.61,1100,-0.5,,"Main article PDF p. 6, Figure 9d and accompanying text",directly_reported,,68,,,-0.5,100,,0.000124,0.000136,Threshold convention not reported.,1100,-0.5,"Main article PDF p. 6, Figure 9c and accompanying text",measured,directly_reported,1000,-0.5,"Main article PDF p. 6, Figure 9c; reported as greater than 1 kHz at 1100 nm",lower_bound,directly_reported,84,,,,20log(Pmax/Pmin),"Main article PDF p. 6, Figure 9b and Equation 2",directly_reported,checked,2026-08-23,The paper additionally reports an explicit 0.86 kHz -3 dB bandwidth at 685 nm; the 1100 nm greater-than-1-kHz lower bound is retained because it matches the D* wavelength.,measured_noise,source_measure_unit,Noise current was measured by a semiconductor analyzer. The characterization section lists an Agilent B1500A or FS-Pro but does not disambiguate which unit acquired the spectrum.,"Main article PDF p. 2, Measurement and Characterization; pp. 4 and 6, Figures 5d and 9e",directly_reported,"Main article PDF pp. 1, 2, and 6; abstract and Figure 9e",reviewed,amber,source_measure_unit_noise_measurement,A semiconductor or parameter analyzer acquired the noise signal without a reported spectrum or dynamic-signal analyzer in the acquisition chain.,Approved by Shlok on 2026-08-23. No lock-in amplifier is reported for noise. Responsivity modulation frequency is not stated; amber takes precedence over frequency-unverified status.,2026-08-23,2026-08-23
jung-2024-inas-snbr2-1020-neg0p5,jung-2024-inas-snbr2-device,1020,1.62e10,0.276,1020,-0.5,,Main article PDF p. 7; calculated as 0.335 times 1020 nm divided by 1240 from the reported EQE,calculated_from_reported_values,300,33.5,300,,-0.5,300,,,,,,,,,,,,,,,50,,,,10log(Pmax/Pmin),"Main article PDF p. 7, Figure 5c and accompanying text",directly_reported,source_unavailable,2026-08-23,"Calculated responsivity: 0.335 x 1020/1240 = 0.2756 A/W, rounded to 0.276 A/W. No explicit -3 dB bandwidth is established in the main article; referenced Supporting Information was inaccessible.",measured_noise,not_reported,"Measured noise current of 5.5e-12 A/Hz^1/2 is reported. Acquisition details are assigned to Supporting Note 4, which was unavailable.","Main article PDF p. 7, Figures 5e-f and Supporting Note 4 reference",directly_reported,"Main article PDF p. 7, Figures 5e-f and accompanying text",reviewed,green,,,"Approved by Shlok on 2026-08-23. Signal/EQE, noise, and D* are explicitly described as investigated at 300 Hz. No lock-in or source-measure-unit noise acquisition is established by the available source.",2026-08-23,2026-08-23
jung-2024-inas-snbr2-1020-neg1,jung-2024-inas-snbr2-device,1020,1.63e10,0.36,1020,-1,,"Main article PDF pp. 1 and 7, abstract and accompanying text",directly_reported,300,43.1,300,,-1,300,,0.0000135,0.000009,10-90% rise time and 90-10% fall time using a 5 kHz laser pulse.,,0,"Main article PDF p. 7, Figure S16 discussion",measured,directly_reported,,,,,,,,,,,,,source_unavailable,2026-08-23,Temporal response is device-matched but was measured at zero bias and an unstated wavelength. No explicit -3 dB bandwidth is established in the main article; referenced Supporting Information was inaccessible.,measured_noise,not_reported,"Measured noise current of 6.9e-12 A/Hz^1/2 is reported. Acquisition details are assigned to Supporting Note 4, which was unavailable.","Main article PDF p. 7, Figures 5e-f and Supporting Note 4 reference",directly_reported,"Main article PDF p. 7, Figures 5e-f and accompanying text",reviewed,green,,,"Approved by Shlok on 2026-08-23. Signal/EQE, noise, and D* are explicitly described as investigated at 300 Hz. No lock-in or source-measure-unit noise acquisition is established by the available source.",2026-08-23,2026-08-23
xia-2024-hgte-room-temperature-1550-pos3,xia-2024-hgte-room-temperature-device,1550,6.9e7,0.0906,1550,3,,"Main article PDF pp. 1 and 3, abstract and Figure 2e discussion",directly_reported,,,,,3,1,,0.0000019,,10-90% rise time; fall time omitted because the source reports conflicting values.,1550,,"Main article PDF p. 4, Figure 5a and accompanying text",measured,directly_reported,,,,,,,,,,,,,source_unavailable,2026-08-23,"Fall time is omitted because the Results text reports 1.1 us while the abstract and conclusion report 1.5 us. Operation to 50 kHz is a tested modulation frequency, not an explicit -3 dB bandwidth. Referenced Supporting Information was inaccessible.",measured_noise,source_measure_unit,"A Keithley 4200-SCS semiconductor characterization system acquired I-t, I-V, and I-F data; the reported noise spectral density is 1.6e-11 A/Hz^1/2 at 1 Hz.","Main article PDF p. 3, Equation 2 and Figure S6 reference; p. 5, Characterization",directly_reported,"Main article PDF pp. 1, 3, and 4; abstract, Equation 2, and Table 1",reviewed,amber,source_measure_unit_noise_measurement,A Keithley 4200-SCS parameter analyzer acquired the noise-frequency data without a reported spectrum or dynamic-signal analyzer.,"Approved by Shlok on 2026-08-23. This is an in-scope photoconductor, not a photodiode. No lock-in amplifier is reported for noise. Amber takes precedence over the missing responsivity/noise frequency match.",2026-08-23,2026-08-23
sulaman-2022-bhj-405-zero,sulaman-2022-pbse-perovskite-bhj,405,4.27e13,4.41,405,0,,"Supporting Information PDF p. 12, Table S1",directly_reported,,17.15,,,0,,,0.269,,10-90% rise time and 90-10% fall time.,405,0,"Main article PDF p. 9; Supporting Information PDF p. 13, Figure S16",measured,ambiguous,,,Complete main article and Supporting Information checked.,not_reported,not_reported,,,,,Reported LDR = 20 log(Jmax/Jmin); Figure S13 contains a graphical value without an exact label.,"Supporting Information PDF p. 11, Figure S13",ambiguous,needs_review,2026-08-23,"Complete main article and Supporting Information checked. The main article reports a 289 ms fall time while SI Figure S16 labels 285 ms, so fall time is omitted pending resolution. The 405 nm LDR is graphical only and not transcribed.",shot_noise_approximation,not_applicable,"D* was calculated from responsivity, effective area, and dark-current shot noise using D*=R sqrt(A)/sqrt(2qIdark). The Keithley 4200-SCS measured electrical and optical characteristics but is not explicitly reported as acquiring a noise spectrum.","Main article PDF p. 8, Equation 3; Supporting Information PDF p. 4, Note S3",directly_reported,"Main article PDF pp. 7-8, Figure 5d and accompanying text; Supporting Information PDF p. 12, Table S1",reviewed,amber,shot_noise_approximation,Detectivity is based on a dark-current shot-noise approximation rather than a measured total-noise spectrum.,Approved by Shlok on 2026-08-23. Table S1 reports 0.35 mW/cm2. Main article gives 289 ms fall time while SI Figure S16 labels 285 ms; fall time is left blank pending resolution.,2026-08-23,2026-08-23
sulaman-2022-bhj-532-zero,sulaman-2022-pbse-perovskite-bhj,532,5.96e13,6.16,532,0,,"Supporting Information PDF p. 12, Table S1",directly_reported,,18.22,,,0,,,0.35,0.375,10-90% rise time and 90-10% fall time.,532,0,"Main article PDF p. 9; Supporting Information PDF p. 13, Figure S16",measured,directly_reported,,,Complete main article and Supporting Information checked.,not_reported,not_reported,91.01,,,,Reported LDR = 20 log(Jmax/Jmin); SI Figure S13 appears inconsistent with the 91.01 dB prose value.,"Main article PDF p. 8; Supporting Information PDF p. 11, Figure S13",ambiguous,needs_review,2026-08-23,"Complete main article and Supporting Information checked. The main article reports 91.01 dB LDR at 532 nm and 0.5 mW/cm2, but SI Figure S13 appears inconsistent; the value is retained and marked ambiguous.",shot_noise_approximation,not_applicable,"D* was calculated from responsivity, effective area, and dark-current shot noise using D*=R sqrt(A)/sqrt(2qIdark). The Keithley 4200-SCS measured electrical and optical characteristics but is not explicitly reported as acquiring a noise spectrum.","Main article PDF p. 8, Equation 3; Supporting Information PDF p. 4, Note S3",directly_reported,"Main article PDF pp. 7-8, Figure 5d and accompanying text; Supporting Information PDF p. 12, Table S1",reviewed,amber,shot_noise_approximation,Detectivity is based on a dark-current shot-noise approximation rather than a measured total-noise spectrum.,"Approved by Shlok on 2026-08-23. Table S1 reports 0.5 mW/cm2. Main article reports 91.01 dB LDR, but SI Figure S13 appears inconsistent; LDR remains marked ambiguous.",2026-08-23,2026-08-23
sulaman-2022-bhj-980-zero,sulaman-2022-pbse-perovskite-bhj,980,4.31e13,4.46,980,0,,"Supporting Information PDF p. 12, Table S1",directly_reported,,7.16,,,0,,,0.31,0.35,10-90% rise time and 90-10% fall time.,980,0,"Supporting Information PDF p. 13, Figure S16",measured,directly_reported,,,Complete main article and Supporting Information checked.,not_reported,not_reported,,,,,Reported LDR = 20 log(Jmax/Jmin); Figure S13 contains a graphical value without an exact label.,"Supporting Information PDF p. 11, Figure S13",ambiguous,needs_review,2026-08-23,Complete main article and Supporting Information checked. The 980 nm LDR is graphical only and not transcribed.,shot_noise_approximation,not_applicable,"D* was calculated from responsivity, effective area, and dark-current shot noise using D*=R sqrt(A)/sqrt(2qIdark). The Keithley 4200-SCS measured electrical and optical characteristics but is not explicitly reported as acquiring a noise spectrum.","Main article PDF p. 8, Equation 3; Supporting Information PDF p. 4, Note S3",directly_reported,"Main article PDF pp. 7-8, Figure 5d and accompanying text; Supporting Information PDF p. 12, Table S1",reviewed,amber,shot_noise_approximation,Detectivity is based on a dark-current shot-noise approximation rather than a measured total-noise spectrum.,Approved by Shlok on 2026-08-23. Table S1 reports 0.4 mW/cm2.,2026-08-23,2026-08-23
sulaman-2022-bhj-1550-zero,sulaman-2022-pbse-perovskite-bhj,1550,3.74e13,3.87,1550,0,,"Supporting Information PDF p. 12, Table S1",directly_reported,,3.93,,,0,,,0.265,0.265,10-90% rise time and 90-10% fall time.,1550,0,"Main article PDF p. 9; Supporting Information PDF p. 13, Figure S16",measured,directly_reported,,,Complete main article and Supporting Information checked.,not_reported,not_reported,,,,,Reported LDR = 20 log(Jmax/Jmin); Figure S13 contains a graphical value without an exact label.,"Supporting Information PDF p. 11, Figure S13",ambiguous,needs_review,2026-08-23,Complete main article and Supporting Information checked. The 1550 nm LDR is graphical only and not transcribed.,shot_noise_approximation,not_applicable,"D* was calculated from responsivity, effective area, and dark-current shot noise using D*=R sqrt(A)/sqrt(2qIdark). The Keithley 4200-SCS measured electrical and optical characteristics but is not explicitly reported as acquiring a noise spectrum.","Main article PDF p. 8, Equation 3; Supporting Information PDF p. 4, Note S3",directly_reported,"Main article PDF pp. 7-8, Figure 5d and accompanying text; Supporting Information PDF p. 12, Table S1",reviewed,amber,shot_noise_approximation,Detectivity is based on a dark-current shot-noise approximation rather than a measured total-noise spectrum.,Approved by Shlok on 2026-08-23. Table S1 reports 0.2 mW/cm2.,2026-08-23,2026-08-23
li-2021-layered-perovskite-740-neg0p5,li-2021-layered-perovskite-device,740,3.7e13,0.44,740,-0.5,,"Main article PDF pp. 5-6, Figure 5i and conclusion",graphically_extracted,,,,,-0.5,1000,8e-8,,,Reported response time below 80 ns; threshold convention not reported.,405,,"Main article PDF pp. 5-6, Figure 5e-f; Supporting Information PDF p. 4, Characterization",upper_bound,directly_reported,,,"Main article PDF p. 5; Supporting Information PDF p. 8, Figure S8",not_reported,not_reported,182,,,,Positive reported LDR; the printed equation appears inverted relative to the conventional 20 log10(Pmax/Pmin) ordering.,"Main article PDF p. 6, Figure 5j and conclusion; Supporting Information PDF p. 4, Characterization",directly_reported,checked,2026-08-23,Complete main article and supplied Supporting Information checked. Operation at 1 MHz is only a demonstrated modulation frequency and is not stored as an explicit -3 dB bandwidth. LDR used a 532 nm CW laser; its bias is not explicitly reported.,measured_noise,spectrum_analyzer,Measured noise density of approximately 7e-15 A/Hz^1/2 at 1 kHz and -0.5 V using a Keysight N9915A FieldFox spectrum analyzer with an SRS SR570 current preamplifier. The SR830 lock-in acquired EQE only.,"Main article PDF p. 5, Figure 5h; Supporting Information PDF p. 4, Characterization",directly_reported,"Main article PDF pp. 5-6, Figure 5h-i and conclusion",reviewed,unverified,,,"Approved by Shlok on 2026-08-23. Peak wavelength and responsivity are graphically extracted at approximately 740 nm. The responsivity/EQE chopping frequency is not reported, so compatibility with the 1 kHz noise value cannot be established.",2026-08-23,2026-08-23
liu-2024-pbs-emi-1650-zero,liu-2024-pbs-emi-device,1650,4.7e11,0.74,1650,0,,"Main article PDF p. 6, Figure S19b discussion; Supporting Information PDF p. 25, Figure S19b",directly_reported,,,,,0,500,,3.4e-6,6.8e-6,10-90% rise time and 90-10% fall time.,1650,0,"Main article PDF p. 6, Figure 4d and accompanying text; Supporting Information PDF p. 27, Figure S21",measured,directly_reported,103000,0,"Main article PDF p. 6, Figure 4e and accompanying text",measured,directly_reported,98,,,,Reported zero-bias light-power range in which photocurrent varies linearly.,"Main article PDF p. 6, Figure 4b and accompanying text",directly_reported,checked,2026-08-25,"Complete main article and Supporting Information checked. The 62% EQE, 0.83 A/W responsivity, 75 dB LDR, 1.4e-8 A/cm2 dark current, and 1.7e-12 A/Hz^1/2 noise are reported at -0.1 V and are not merged into this zero-bias D* record. SI Table S4 mixes these -0.1 V values with the zero-bias D* comparison, so the operating points remain separated.",measured_noise,spectrum_analyzer|lock_in_amplifier,Results text describes a preamplifier and lock-in amplifier; the Experimental Section identifies an Agilent 35670A dynamic signal analyzer with an SRS SR570 low-noise current preamplifier. Measured noise is approximately 3.1e-13 A/Hz^1/2 at 500 Hz and zero bias.,"Main article PDF p. 6, Figure 4f and accompanying text; PDF p. 8, Materials and Device Characterizations",directly_reported,"Main article PDF pp. 6-7, Figure 4f, Equation 6, and accompanying text; Supporting Information PDF p. 29, Table S4",reviewed,unverified,,,"Approved by Shlok on 2026-08-23; Supporting Information update approved on 2026-08-25. Responsivity/EQE acquisition frequency is not reported, so compatibility with the 500 Hz noise value cannot be established. The reported spectrum-analyzer chain means this is not a lock-in-only noise measurement.",2026-08-23,2026-08-25
yang-2023-hgte-bi2s3-1550-room,yang-2023-hgte-bi2s3-device,1550,1e11,0.29,1550,,295,"Main article PDF p. 5, Figure 4b and accompanying text",directly_reported,,,,300,,500,,7.94e-6,8.92e-6,Rise and fall times; threshold convention not reported.,1550,,"Main article PDF p. 5, Figure 4d and accompanying text",measured,directly_reported,80000,,"Main article PDF p. 5, Figure 4e and accompanying text; Supporting Information PDF p. 22, Figure S18",measured,directly_reported,84.2,,,,Reported as a lower bound greater than 84.2 dB because the weak-light limit exceeded the instrument range.,"Main article PDF p. 5, Figure 4f and accompanying text; Supporting Information PDF p. 23, Figure S19",directly_reported,checked,2026-08-25,Complete main article and Supporting Information checked. D* is stored as 1.0e11 Jones with the source-reported greater-than qualification retained here. Bandwidth reaches 80 kHz at higher 1550 nm irradiance. Active area and D* bias are not reported.,measured_noise,spectrum_analyzer,Noise current was 5.7e-13 A/Hz^1/2 at 500 Hz using an Agilent 35670A dynamic signal analyzer. Semiconductor analyzers acquired C-V/J-V only; the SR850 lock-in acquired -3 dB bandwidth only.,"Main article PDF p. 5, Figure 4c; PDF p. 7, Device Characterization",directly_reported,"Main article PDF p. 5, Equation 1 and detectivity discussion; Supporting Information PDF pp. 20 and 29, Figure S16 and Table S5",reviewed,unverified,,,"Approved by Shlok on 2026-08-25. Responsivity acquisition frequency is not reported, so compatibility with the 500 Hz noise value cannot be established. The 80 K D*=3e12 Jones point is held because its measurement wavelength is not stated.",2026-08-25,2026-08-25
yang-2023-hgte-bi2s3-2200-room,yang-2023-hgte-bi2s3-device,2200,5e10,0.14,2200,,,"Supporting Information PDF p. 21, Figure S17",graphically_extracted,,,,,,500,,,,,,,,not_reported,not_reported,,,,not_reported,not_reported,,,,,,,not_reported,checked,2026-08-25,"Complete main article and Supporting Information checked. Responsivity is graphically extracted at approximately 0.14 A/W. No temporal response, explicit -3 dB bandwidth, or LDR is reported at 2200 nm.",measured_noise,spectrum_analyzer,The wavelength-dependent D* uses the paper's measured-noise workflow. The Agilent 35670A acquired noise; an exact wavelength-specific noise amplitude is not separately stated.,"Main article PDF p. 7, Device Characterization; Supporting Information PDF p. 21, Figure S17",directly_reported,"Main article PDF p. 5, Figure S17 discussion; Supporting Information PDF p. 21, Figure S17",reviewed,unverified,,,"Approved by Shlok on 2026-08-25. Responsivity acquisition frequency is not reported, so compatibility with the 500 Hz noise value cannot be established.",2026-08-25,2026-08-25
yang-2023-hgte-control-1550-room,yang-2023-hgte-control-device,1550,2.85e10,0.2,1550,,295,"Main article PDF p. 5, Figure 4b and accompanying text",directly_reported,,,,300,,500,,10.74e-6,14.08e-6,Rise and fall times; threshold convention not reported.,1550,,"Main article PDF p. 5, Figure 4d",measured,graphically_extracted,56000,,"Main article PDF p. 5, Figure 4e",measured,graphically_extracted,71.2,,,,Reported linear dynamic range under 1550 nm illumination.,"Main article PDF p. 5, Figure S19 discussion; Supporting Information PDF p. 23, Figure S19",directly_reported,checked,2026-08-25,Complete main article and Supporting Information checked. Control response times and bandwidth are read from labeled source figures. Active area and D* bias are not reported.,measured_noise,spectrum_analyzer,The control D* uses the measured noise spectrum acquired by the Agilent 35670A dynamic signal analyzer; an exact control noise amplitude is not stated in the prose.,"Main article PDF p. 5, Figure 4c; PDF p. 7, Device Characterization",directly_reported,"Main article PDF p. 5, Equation 1 and detectivity discussion; Supporting Information PDF p. 20, Figure S16",reviewed,unverified,,,"Approved by Shlok on 2026-08-25. Responsivity acquisition frequency is not reported, so compatibility with the 500 Hz noise value cannot be established.",2026-08-25,2026-08-25
jung-2022-pbs-smc-std-980-neg3,jung-2022-pbs-smc-std-device,980,6.7e12,0.65,980,-3,,"Main article PDF p. 7, Figure 4G and accompanying text; Supporting Information PDF p. 21, Figure S14A",directly_reported,,50,300,,-3,300,,,,,,,,not_reported,not_reported,,,,not_reported,not_reported,,1e-4,,mW/cm2,Critical optical-intensity threshold separating dark-current-dominated and photoinduced-current-dominated regimes; not an LDR in dB.,"Main article PDF p. 8, Figure 5D and accompanying text",directly_reported,checked,2026-08-25,Complete main article and Supporting Information checked. No temporal response or explicit -3 dB bandwidth is reported. Supporting Information Table S4 and the abstract/conclusion resolve the treated-device D* assignment despite one reversed sentence in the main text.,measured_noise,lock_in_amplifier,"Measured noise was 8.27e-13 A/Hz^1/2 at 300 Hz. An SRS 570 preamplifier fed an SR 530 lock-in amplifier, which recorded the noise; the preamplifier supplied bias. The SI shot-noise curve is only a comparison and was not used for D*.","Main article PDF pp. 7 and 9, Figure 5A and Characterization; Supporting Information PDF pp. 7 and 23, Equation 7 and Figure S16",directly_reported,"Main article PDF pp. 7-8, Figure 5 and conclusion; Supporting Information PDF p. 27, Table S4",reviewed,amber,lock_in_only_noise_measurement,Noise was measured with a lock-in amplifier as the sole classified noise-acquisition instrument.,"Approved by Shlok on 2026-08-25. The D* calculation labels active area as approximately 0.02 cm2; the separate 4 mm2 fabrication-area statement is retained as a device note. The source's reversed D* sentence is corrected using the abstract, conclusion, figure assignment, and SI Table S4.",2026-08-25,2026-08-25
jung-2022-pbs-control-980-neg3,jung-2022-pbs-control-device,980,3e12,0.53,980,-3,,"Main article PDF p. 7, Figure 4G and accompanying text; Supporting Information PDF p. 21, Figure S14A",directly_reported,,,,,-3,300,,,,,,,,not_reported,not_reported,,,,not_reported,not_reported,,4.02e-4,,mW/cm2,Critical optical-intensity threshold separating dark-current-dominated and photoinduced-current-dominated regimes; not an LDR in dB.,"Main article PDF p. 8, Figure 5D and accompanying text",directly_reported,checked,2026-08-25,"Complete main article and Supporting Information checked. No numerical control EQE, temporal response, or explicit -3 dB bandwidth is reported. The abstract, figures, conclusion, and SI resolve the control D* assignment despite one reversed sentence.",measured_noise,lock_in_amplifier,"Measured noise was 2.4e-12 A/Hz^1/2 at 300 Hz. An SRS 570 preamplifier fed an SR 530 lock-in amplifier, which recorded the noise; the preamplifier supplied bias.","Main article PDF pp. 7 and 9, Figure 5A and Characterization",directly_reported,"Main article PDF pp. 7-8, Figure 5 and accompanying text",reviewed,amber,lock_in_only_noise_measurement,Noise was measured with a lock-in amplifier as the sole classified noise-acquisition instrument.,"Approved by Shlok on 2026-08-25. The D* calculation labels active area as approximately 0.02 cm2; the separate 4 mm2 fabrication-area statement is retained as a device note. The source's reversed D* sentence is corrected using the abstract, conclusion, figure assignment, and SI.",2026-08-25,2026-08-25
yang-2023-pbs-alox-1413-neg0p5-1hz,yang-2023-pbs-alox-device,1413,1e11,0.62,1413,-0.5,,"Main article PDF pp. 4-5, Figure 5a and accompanying text",directly_reported,1000,,,,-0.5,1,,,,,,,,not_reported,not_reported,,,,not_reported,not_reported,,,,,,,not_reported,checked,2026-08-25,Complete main article and supplied Supporting Information checked. Temporal response is stored on the matched 1000 Hz row. No explicit -3 dB bandwidth or LDR is reported.,measured_noise,source_measure_unit,Noise was acquired in the dark with an FS-Pro semiconductor parameter analyzer. The Agilent B1500A acquired dark I-V and the Keithley 2612B acquired photocurrent; neither is added to the noise chain.,"Supporting Information PDF p. 3, Characterization",directly_reported,"Main article PDF pp. 4-5, Figure 5b and accompanying text",reviewed,amber,source_measure_unit_noise_measurement|frequency_mismatch,"Noise was acquired with a semiconductor parameter analyzer, and the 1 Hz noise value is combined with responsivity reported at 1000 Hz.",Approved by Shlok on 2026-08-25. The source directly reports separate 1 Hz and 1000 Hz D* values. This 1 Hz row preserves the explicit frequency mismatch.,2026-08-25,2026-08-25
yang-2023-pbs-alox-1413-neg0p5-1000hz,yang-2023-pbs-alox-device,1413,2.05e12,0.62,1413,-0.5,,"Main article PDF pp. 4-5, Figure 5a and accompanying text",directly_reported,1000,,,,-0.5,1000,,2.73e-6,5.67e-6,10-90% rise time and 90-10% fall time.,1413,,"Main article PDF p. 5, Figure 5c and accompanying text",measured,directly_reported,,,,not_reported,not_reported,,,,,,,not_reported,checked,2026-08-25,Complete main article and supplied Supporting Information checked. Temporal response used 1413 nm light pulses at 1 kHz; its electrical bias is not explicitly reported. No explicit -3 dB bandwidth or LDR is reported.,measured_noise,source_measure_unit,Noise was acquired in the dark with an FS-Pro semiconductor parameter analyzer. The Agilent B1500A acquired dark I-V and the Keithley 2612B acquired photocurrent; neither is added to the noise chain.,"Supporting Information PDF p. 3, Characterization",directly_reported,"Main article PDF pp. 4-5, Figure 5b and accompanying text",reviewed,amber,source_measure_unit_noise_measurement,Noise was acquired with a semiconductor parameter analyzer without a separately reported spectrum-analyzer noise chain.,Approved by Shlok on 2026-08-25. Responsivity and noise frequency are both 1000 Hz. The response-time bias remains blank because the source does not assign one.,2026-08-25,2026-08-25
yang-2018-cspbbr3-spray-365-neg0p7,yang-2018-cspbbr3-spray-device,365,1e14,3,365,-0.7,,"Main article PDF p. 7, Figures 5d-e and accompanying text",directly_reported,,,,,-0.7,,,,,,,,,not_reported,not_reported,,,,not_reported,not_reported,90,,,,Reported linear dynamic range at 365 nm and -0.7 V; the same LDR is also reported at 525 nm.,"Main article PDF p. 7, Figure 5c and accompanying text",directly_reported,checked,2026-08-25,Complete main article and Supporting Information checked. The on/off trace is qualitative and no numerical response time or explicit -3 dB bandwidth is reported.,shot_noise_approximation,not_applicable,"D* was calculated using a simplified formula cited to Yang et al., J. Mater. Chem. C 2014, which assumes dark-current shot noise. No measured noise spectrum is reported. The author-reported D* is not cleanly reproducible from the visible responsivity and current values.","Main article PDF p. 7, detectivity discussion and reference 38",directly_reported,"Main article PDF p. 7, Figures 5d-e and detectivity discussion",reviewed,amber,shot_noise_approximation,Detectivity is based on a dark-current shot-noise approximation rather than a measured total-noise spectrum.,Approved by Shlok on 2026-08-25. The author-reported 1e14 Jones value is retained with an amber methodology flag and a reproducibility note. Ethyl-acetate excess-ligand removal is not treated as a confirmed ligand exchange.,2026-08-25,2026-08-25
pi-2026-agbis2-mxene-375,pi-2026-agbis2-mxene-device,375,1.6e12,0.23,375,-0.3,,"Main article p. 6, Figure 4a; SI p. 7, Table S1",directly_reported,,76.3,,,-0.3,,,,,,,,,,not_reported,,,,not_reported,not_reported,,,,,,,not_reported,checked,2026-08-26,"Complete main article and supplied Supporting Information checked. No temporal response, explicit -3 dB bandwidth, or LDR is reported for the 375 nm point.",measured_noise,not_reported,"The article reports a measured 100 Hz-100 kHz noise spectrum with a plateau above 10 kHz but does not identify the noise-acquisition instrument. Keithley 2400 and Agilent B1500A are assigned to J-V/transient characterization, not explicitly to noise.","Main article PDF pp. 2, 6-7, Section 2.4 and Figure 4c",directly_reported,"Main article PDF pp. 6-7, Figure 4d; SI p. 7, Table S1",reviewed,unverified,,,"Approved by Shlok on 2026-08-26. Detailed results, Figure 4d, and SI Table S1 support 1.6e12 Jones; the abstract and introduction report the internally inconsistent value 1.16e12. Responsivity/EQE and D* noise frequencies are not established.",2026-08-26,2026-08-26
pi-2026-agbis2-mxene-660,pi-2026-agbis2-mxene-device,660,9e11,0.13,660,-0.3,,"SI p. 7, Table S1; main article p. 6, Figure 4a",directly_reported,,23,,,-0.3,,,,,,,,,,not_reported,,,,not_reported,not_reported,,,,,,,not_reported,checked,2026-08-26,"Complete main article and supplied Supporting Information checked. No temporal response, explicit -3 dB bandwidth, or LDR is reported for the 660 nm point.",measured_noise,not_reported,"The article reports a measured 100 Hz-100 kHz noise spectrum with a plateau above 10 kHz but does not identify the noise-acquisition instrument. Keithley 2400 and Agilent B1500A are assigned to J-V/transient characterization, not explicitly to noise.","Main article PDF pp. 2, 6-7, Section 2.4 and Figure 4c",directly_reported,"SI p. 7, Table S1; main article pp. 6-7, Figure 4d",reviewed,unverified,,,Approved by Shlok on 2026-08-26. Responsivity/EQE and D* noise frequencies are not established.,2026-08-26,2026-08-26
pi-2026-agbis2-mxene-850,pi-2026-agbis2-mxene-device,850,2.8e11,0.04,850,-0.3,,"Main article p. 6, Figure 4a",graphically_extracted,,,,,-0.3,,,8e-9,9.48e-7,Reported rise time and decay time; threshold convention not stated. Measured with an 850 nm femtosecond laser at 6 kHz and 235 fs pulse width.,850,,"Main article p. 7, Figure 4h",measured,directly_reported,,,,not_reported,not_reported,,,,,,,not_reported,checked,2026-08-26,Complete main article and supplied Supporting Information checked. Responsivity and detectivity are graphically extracted; no explicit -3 dB bandwidth or LDR is reported for this point.,measured_noise,not_reported,"The article reports a measured 100 Hz-100 kHz noise spectrum with a plateau above 10 kHz but does not identify the noise-acquisition instrument. Keithley 2400 and Agilent B1500A are assigned to J-V/transient characterization, not explicitly to noise.","Main article PDF pp. 2, 6-7, Section 2.4 and Figure 4c",graphically_extracted,"Main article PDF pp. 6-7, Figure 4c-d",reviewed,unverified,,,Approved by Shlok on 2026-08-26. The approximately 0.04 A/W responsivity and 2.8e11-Jones detectivity are graphically extracted. Signal and D* noise frequencies are not established.,2026-08-26,2026-08-26
kong-2025-agbis2-control-1000-shot,kong-2025-agbis2-control-ctl-device,1000,4.67e9,0.00426,1000,0,,"SI p. 9, Table S2; main article pp. 3-4, Figure 1g and text",directly_reported,,,,,0,,,,,,,,,,not_reported,,,,not_reported,not_reported,,,,,,,not_reported,checked,2026-08-26,"Complete main article and supplied Supporting Information checked. No numerical temporal response, explicit -3 dB bandwidth, or LDR is reported for the control device.",shot_noise_approximation,not_applicable,Dsh* was calculated using the shot-noise approximation from dark current rather than measured total noise.,"Main article p. 4, equations and text; SI p. 9, Table S2",directly_reported,"Main article p. 4; SI p. 9, Table S2",reviewed,amber,shot_noise_approximation,Dsh* uses a shot-noise approximation rather than a measured total-noise spectrum.,Approved by Shlok on 2026-08-26. Table S2 labels this dark-current shot-noise estimate separately from the measured-noise D* value. Frequency matching is not applicable to the modeled-noise calculation.,2026-08-26,2026-08-26
kong-2025-agbis2-control-1000-measured,kong-2025-agbis2-control-ctl-device,1000,3.84e10,0.00426,1000,0,,"SI p. 9, Table S2; main article pp. 3-4, Figure 1g and text",directly_reported,,,,,0,,,,,,,,,,not_reported,,,,not_reported,not_reported,,,,,,,not_reported,checked,2026-08-26,"Complete main article and supplied Supporting Information checked. No numerical temporal response, explicit -3 dB bandwidth, or LDR is reported for the control device.",measured_noise,not_reported,"Figure S4 reports a measured noise-current spectrum from approximately 0.1 to 40 Hz, but the source does not identify the acquisition instrument or the particular noise frequency used for the single D* value. Keithley 4200 is assigned to photocurrent, spectral responsivity, and time response, not explicitly to noise.","SI pp. 5 and 9, Photoelectrical Measurements, Figure S4 and Table S2",directly_reported,"Main article p. 4; SI p. 9, Figure S4 and Table S2",reviewed,unverified,,,Approved by Shlok on 2026-08-26. The 1000 nm assignment follows the shared Table S2 responsivity and the explicit 1000 nm main-text values. The responsivity and particular measured-noise frequency used for D* are not established.,2026-08-26,2026-08-26
kong-2025-agbis2-hybrid-1000-shot,kong-2025-agbis2-hybrid-ctl-device,1000,1.90e10,0.01936,1000,0,,"SI p. 9, Table S2; main article pp. 3-4, Figure 1g and text",directly_reported,,,,,0,,,0.0191,0.0402,10-90% rise and 90-10% fall,808,1,"Main article p. 10, Figure 6c; SI p. 14, Figure S13",measured,directly_reported,,,,not_reported,not_reported,,0,292,mW incident optical power,Linear photocurrent-density response versus incident 808 nm optical power at 1.0 V; no dB LDR reported.,"Main article p. 10, Figure 6e",graphically_extracted,checked,2026-08-26,Complete main article and supplied Supporting Information checked. The same hybrid device reports the 808 nm response-time pair and linear input range; no explicit -3 dB bandwidth or dB LDR is reported.,shot_noise_approximation,not_applicable,Dsh* was calculated using the shot-noise approximation from dark current rather than measured total noise.,"Main article p. 4, equations and text; SI p. 9, Table S2",directly_reported,"Main article p. 4; SI p. 9, Table S2",reviewed,amber,shot_noise_approximation,Dsh* uses a shot-noise approximation rather than a measured total-noise spectrum.,Approved by Shlok on 2026-08-26. Table S2 labels this dark-current shot-noise estimate separately from the measured-noise D* value. Frequency matching is not applicable to the modeled-noise calculation.,2026-08-26,2026-08-26
kong-2025-agbis2-hybrid-1000-measured,kong-2025-agbis2-hybrid-ctl-device,1000,1.17e12,0.01936,1000,0,,"SI p. 9, Table S2; main article pp. 3-4, Figure 1g and text",directly_reported,,,,,0,,,0.0191,0.0402,10-90% rise and 90-10% fall,808,1,"Main article p. 10, Figure 6c; SI p. 14, Figure S13",measured,directly_reported,,,,not_reported,not_reported,,0,292,mW incident optical power,Linear photocurrent-density response versus incident 808 nm optical power at 1.0 V; no dB LDR reported.,"Main article p. 10, Figure 6e",graphically_extracted,checked,2026-08-26,Complete main article and supplied Supporting Information checked. The same hybrid device reports the 808 nm response-time pair and linear input range; no explicit -3 dB bandwidth or dB LDR is reported.,measured_noise,not_reported,"Figure S4 reports a measured noise-current spectrum from approximately 0.1 to 40 Hz, but the source does not identify the acquisition instrument or the particular noise frequency used for the single D* value. Keithley 4200 is assigned to photocurrent, spectral responsivity, and time response, not explicitly to noise.","SI pp. 5 and 9, Photoelectrical Measurements, Figure S4 and Table S2",directly_reported,"Main article p. 4; SI p. 9, Figure S4 and Table S2",reviewed,unverified,,,Approved by Shlok on 2026-08-26. The 1000 nm assignment follows the shared Table S2 responsivity and the explicit 1000 nm main-text values. The responsivity and particular measured-noise frequency used for D* are not established.,2026-08-26,2026-08-26
yu-2024-se-hgte-2000,yu-2024-se-hgte-device,2000,5.17e11,0.69,2000,,,"Main article PDF p. 7, Figure 4f-g and accompanying text",directly_reported,,41.9,,,0,500,,2.73e-6,2.62e-6,10-90% rise and 90-10% fall,1550,,"Main article PDF pp. 6-7, Figure 4d and accompanying text; p. 9, Photodetector Device Fabrication and Measurements",measured,directly_reported,,,,not_reported,not_reported,112.1,2e-8,0.008,W cm^-2,20 log10(Pmax/Pmin); zero bias,"Main article PDF pp. 6-7, Figure 4e, Equation 1, and accompanying text",directly_reported,checked,2026-08-29,Complete main article and publisher Supporting Information checked. No explicit -3 dB bandwidth is reported. Responsivity/EQE modulation frequency and temporal-response bias are not reported.,measured_noise,spectrum_analyzer,Agilent 35670A dynamic signal analyzer with a Stanford Research Systems SR570 low-noise current preamplifier.,"Main article PDF p. 9, Photodetector Device Fabrication and Measurements",directly_reported,"Main article PDF p. 7, Figure 4h-i and accompanying text; Supporting Information PDF p. 12, Table S4",reviewed,unverified,,,Approved by Shlok on 2026-08-29. Peak D* is reported at approximately 2 um and zero bias; measured noise is 2.68e-13 A Hz^-1/2 at 500 Hz. The paper states room temperature without a numeric kelvin value. Signal/noise frequency matching is not established.,2026-08-29,2026-08-29
yu-2024-hgte-control-2000,yu-2024-hgte-control-device,2000,4.55e10,0.53,2000,,,"Main article PDF p. 7, Figure 4f-g and accompanying text",directly_reported,,35,,,0,500,,8.21e-6,9.04e-6,10-90% rise and 90-10% fall,1550,,"Main article PDF pp. 6-7, Figure 4d and accompanying text; p. 9, Photodetector Device Fabrication and Measurements",measured,directly_reported,,,,not_reported,not_reported,87.8,,,W cm^-2,20 log10(Pmax/Pmin); zero bias,"Main article PDF pp. 6-7, Figure 4e, Equation 1, and accompanying text",directly_reported,checked,2026-08-29,"Complete main article and publisher Supporting Information checked. No explicit -3 dB bandwidth is reported. The control LDR endpoints, responsivity/EQE modulation frequency, temporal-response bias, and a separate control-device area are not reported.",measured_noise,spectrum_analyzer,Agilent 35670A dynamic signal analyzer with a Stanford Research Systems SR570 low-noise current preamplifier.,"Main article PDF p. 9, Photodetector Device Fabrication and Measurements",directly_reported,"Main article PDF p. 7, Figure 4h-i and accompanying text; Supporting Information PDF p. 12, Table S4",reviewed,unverified,,,Approved by Shlok on 2026-08-29. Peak D* is reported at approximately 2 um and zero bias; measured noise is 2.33e-12 A Hz^-1/2 at 500 Hz. The paper states room temperature without a numeric kelvin value. Signal/noise frequency matching is not established.,2026-08-29,2026-08-29
cao-2025-pbs-s-htl-1200,cao-2025-pbs-s-htl-device,1200,4.68e12,0.41,1200,,,"Main article PDF p. 5, Figure 5 and Table 1",directly_reported,,41.81,,,,1,,1.0e-6,1.3e-6,10-90% rise and 90-10% fall,1310,,"Main article PDF p. 4 and Supporting Information PDF pp. 5 and 11-12, Figure S3 and Table S4",measured,directly_reported,,,,not_reported,not_reported,,,,,,,not_reported,checked,2026-08-29,Complete main article and publisher Supporting Information checked. The SI confirms microseconds despite the erroneous nanoseconds heading in main Table 1. No explicit -3 dB bandwidth or numeric LDR is reported. Responsivity/EQE modulation frequency and D* bias are not reported.,measured_noise,source_measure_unit,Keithley 4200 source meter; no spectrum analyzer or dedicated noise analyzer is reported for noise acquisition.,"Supporting Information PDF p. 5, Characterizations",directly_reported,"Main article PDF p. 5, Figure 5 and Table 1; Supporting Information PDF p. 14, Figure S4",reviewed,amber,source_measure_unit_noise_measurement,Measured noise was acquired with a source-measure unit without a reported spectrum analyzer or dedicated noise analyzer in the acquisition chain.,"Approved by Shlok on 2026-08-29. The primary wavelength is stored as 1200 nm from the reported spectral peaks around 1200 +/- 30 nm. Noise-current density is 1.88e-14 A Hz^-1/2 at 1 Hz. Response times are in microseconds, as confirmed by the abstract, prose, and SI Table S4.",2026-08-29,2026-08-29
cao-2025-pbs-m-htl-1200,cao-2025-pbs-m-htl-device,1200,4.37e12,0.43,1200,,,"Main article PDF p. 5, Figure 5 and Table 1",directly_reported,,45.65,,,,1,,5.0e-6,4.2e-6,10-90% rise and 90-10% fall,1310,,"Main article PDF p. 4 and Supporting Information PDF pp. 5 and 11-12, Figure S3 and Table S4",measured,directly_reported,,,,not_reported,not_reported,,,,,,,not_reported,checked,2026-08-29,Complete main article and publisher Supporting Information checked. The SI confirms microseconds despite the erroneous nanoseconds heading in main Table 1. No explicit -3 dB bandwidth or numeric LDR is reported. Responsivity/EQE modulation frequency and D* bias are not reported.,measured_noise,source_measure_unit,Keithley 4200 source meter; no spectrum analyzer or dedicated noise analyzer is reported for noise acquisition.,"Supporting Information PDF p. 5, Characterizations",directly_reported,"Main article PDF p. 5, Figure 5 and Table 1; Supporting Information PDF p. 14, Figure S4",reviewed,amber,source_measure_unit_noise_measurement,Measured noise was acquired with a source-measure unit without a reported spectrum analyzer or dedicated noise analyzer in the acquisition chain.,"Approved by Shlok on 2026-08-29. The primary wavelength is stored as 1200 nm from the reported spectral peaks around 1200 +/- 30 nm. Noise-current density is 2.10e-14 A Hz^-1/2 at 1 Hz. Response times are in microseconds, as confirmed by the prose and SI Table S4.",2026-08-29,2026-08-29
cao-2025-pbs-l-htl-1200,cao-2025-pbs-l-htl-device,1200,5.50e12,0.54,1200,,,"Main article PDF p. 5, Figure 5 and Table 1",directly_reported,,55.74,,,,1,,5.1e-6,4.1e-6,10-90% rise and 90-10% fall,1310,,"Main article PDF p. 4 and Supporting Information PDF pp. 5 and 11-12, Figure S3 and Table S4",measured,directly_reported,,,,not_reported,not_reported,,,,,,,not_reported,checked,2026-08-29,Complete main article and publisher Supporting Information checked. The SI confirms microseconds despite the erroneous nanoseconds heading in main Table 1. No explicit -3 dB bandwidth or numeric LDR is reported. Responsivity/EQE modulation frequency and D* bias are not reported.,measured_noise,source_measure_unit,Keithley 4200 source meter; no spectrum analyzer or dedicated noise analyzer is reported for noise acquisition.,"Supporting Information PDF p. 5, Characterizations",directly_reported,"Main article PDF p. 5, Figure 5 and Table 1; Supporting Information PDF p. 14, Figure S4",reviewed,amber,source_measure_unit_noise_measurement,Measured noise was acquired with a source-measure unit without a reported spectrum analyzer or dedicated noise analyzer in the acquisition chain.,"Approved by Shlok on 2026-08-29. The primary wavelength is stored as 1200 nm from the reported spectral peaks around 1200 +/- 30 nm. Noise-current density is 2.10e-14 A Hz^-1/2 at 1 Hz. This is the champion EQE, responsivity, and D* device.",2026-08-29,2026-08-29
cao-2025-pbs-xl-htl-1200,cao-2025-pbs-xl-htl-device,1200,5.29e12,0.47,1200,,,"Main article PDF p. 5, Figure 5 and Table 1",directly_reported,,49.24,,,,1,,5.2e-6,4.1e-6,10-90% rise and 90-10% fall,1310,,"Main article PDF p. 4 and Supporting Information PDF pp. 5 and 11-12, Figure S3 and Table S4",measured,directly_reported,,,,not_reported,not_reported,,,,,,,not_reported,checked,2026-08-29,Complete main article and publisher Supporting Information checked. The SI confirms microseconds despite the erroneous nanoseconds heading in main Table 1. No explicit -3 dB bandwidth or numeric LDR is reported. Responsivity/EQE modulation frequency and D* bias are not reported.,measured_noise,source_measure_unit,Keithley 4200 source meter; no spectrum analyzer or dedicated noise analyzer is reported for noise acquisition.,"Supporting Information PDF p. 5, Characterizations",directly_reported,"Main article PDF p. 5, Figure 5 and Table 1; Supporting Information PDF p. 14, Figure S4",reviewed,amber,source_measure_unit_noise_measurement,Measured noise was acquired with a source-measure unit without a reported spectrum analyzer or dedicated noise analyzer in the acquisition chain.,Approved by Shlok on 2026-08-29. The primary wavelength is stored as 1200 nm from the reported spectral peaks around 1200 +/- 30 nm. Noise-current density is 1.90e-14 A Hz^-1/2 at 1 Hz. The larger 2XL material lacks a complete device-resolved performance record and is excluded.,2026-08-29,2026-08-29
wang-2024-pbs-lif-1290,wang-2024-pbs-lif-device,1290,4.8e12,,,,,"Main article PDF p. 5, Figure 3f and accompanying text",not_reported,,47,,,0,43000,,,,,,,,not_reported,not_reported,43000,0,"Main article PDF p. 5, Figure 3d and accompanying text",measured,directly_reported,,,,,,,not_reported,checked,2026-08-29,"Complete main article and publisher Supporting Information checked. EQE of approximately 47% at the first-exciton peak is graphically extracted from Figure 3f. Numeric responsivity, transient response, and LDR are not reported. EQE modulation frequency is not reported.",measured_noise,spectrum_analyzer,Agilent 35670A dynamic signal analyzer with a Stanford Research Systems SR570 current preamplifier.,"Main article PDF p. 7, Material and Device Characterizations",directly_reported,"Main article PDF p. 5, Figure 3e-f and accompanying text",reviewed,unverified,,,Approved by Shlok on 2026-08-29. D* is directly reported at the approximately 1290 nm first-exciton peak. The text states that noise current was sampled at the -3 dB bandwidth while using a 1 Hz noise-equivalent bandwidth; measurement_frequency_hz stores the reported 43 kHz device bandwidth. The paper states room temperature without a numeric kelvin value. Signal/noise frequency matching is not established.,2026-08-29,2026-08-29
wang-2024-pbs-control-1290,wang-2024-pbs-lif-control-device,1290,1.8e12,,,,,"Main article PDF p. 5, Figure 3f and accompanying text",not_reported,,,,,0,36000,,,,,,,,not_reported,not_reported,36000,0,"Main article PDF p. 5, Figure 3d and accompanying text",measured,directly_reported,,,,,,,not_reported,checked,2026-08-29,"Complete main article and publisher Supporting Information checked. Numeric control-device responsivity, EQE, transient response, and LDR are not reported. The D* calculation is described as using responsivity calculated from EQE, but the optical acquisition frequency is not reported.",measured_noise,spectrum_analyzer,Agilent 35670A dynamic signal analyzer with a Stanford Research Systems SR570 current preamplifier.,"Main article PDF p. 7, Material and Device Characterizations",directly_reported,"Main article PDF p. 5, Figure 3e-f and accompanying text",reviewed,green,,,Approved by Shlok on 2026-08-29. Control D* is directly reported at the approximately 1290 nm first-exciton peak. The text states that noise current was sampled at the -3 dB bandwidth while using a 1 Hz noise-equivalent bandwidth; measurement_frequency_hz stores the reported 36 kHz control-device bandwidth. Signal/noise frequency matching is not applicable because no numeric control responsivity or EQE is stored.,2026-08-29,2026-08-29
burgues-ceballos-2022-agbis2-gradient-350,burgues-ceballos-2022-agbis2-gradient-device,350,360000000000,,,,,,not_reported,,,,,,,,,,,,,,not_reported,not_reported,,,,not_reported,not_reported,,,,,,,not_reported,checked,2026-08-29,"Complete main article and supplied Supporting Information checked. No numerical temporal response, explicit -3 dB bandwidth, or LDR was reported. Exact D* bias is not established.",calculated_shot_and_thermal_noise,not_applicable,D* used a 1 Hz bandwidth and a calculated noise spectral density containing shot-noise and thermal-noise terms. The SR830 lock-in acquired EQE only and was not a noise instrument.,"Main article PDF p. 5, Equation 1 and accompanying text; SI p. 7, Characterisation of solar cells and photodetectors",graphically_extracted,"Main article PDF p. 4, Figure 3d",reviewed,green,,,"Approved by Shlok on 2026-08-29. Approximate marker value graphically extracted from Figure 3d; the exact D* bias is not stated, and the paper describes the best performance only as close to 0 V.",2026-08-29,2026-08-29
burgues-ceballos-2022-agbis2-gradient-550,burgues-ceballos-2022-agbis2-gradient-device,550,550000000000,,,,,,not_reported,,,,,,,,,,,,,,not_reported,not_reported,,,,not_reported,not_reported,,,,,,,not_reported,checked,2026-08-29,"Complete main article and supplied Supporting Information checked. No numerical temporal response, explicit -3 dB bandwidth, or LDR was reported. Exact D* bias is not established.",calculated_shot_and_thermal_noise,not_applicable,D* used a 1 Hz bandwidth and a calculated noise spectral density containing shot-noise and thermal-noise terms. The SR830 lock-in acquired EQE only and was not a noise instrument.,"Main article PDF p. 5, Equation 1 and accompanying text; SI p. 7, Characterisation of solar cells and photodetectors",graphically_extracted,"Main article PDF p. 4, Figure 3d",reviewed,green,,,"Approved by Shlok on 2026-08-29. Approximate marker value graphically extracted from Figure 3d; the exact D* bias is not stated, and the paper describes the best performance only as close to 0 V.",2026-08-29,2026-08-29
burgues-ceballos-2022-agbis2-gradient-750,burgues-ceballos-2022-agbis2-gradient-device,750,700000000000,,,,,,not_reported,,,,,,,,,,,,,,not_reported,not_reported,,,,not_reported,not_reported,,,,,,,not_reported,checked,2026-08-29,"Complete main article and supplied Supporting Information checked. No numerical temporal response, explicit -3 dB bandwidth, or LDR was reported. Exact D* bias is not established.",calculated_shot_and_thermal_noise,not_applicable,D* used a 1 Hz bandwidth and a calculated noise spectral density containing shot-noise and thermal-noise terms. The SR830 lock-in acquired EQE only and was not a noise instrument.,"Main article PDF p. 5, Equation 1 and accompanying text; SI p. 7, Characterisation of solar cells and photodetectors",graphically_extracted,"Main article PDF p. 4, Figure 3d",reviewed,green,,,"Approved by Shlok on 2026-08-29. Approximate marker value graphically extracted from Figure 3d; the exact D* bias is not stated, and the paper describes the best performance only as close to 0 V.",2026-08-29,2026-08-29
burgues-ceballos-2022-agbis2-gradient-950,burgues-ceballos-2022-agbis2-gradient-device,950,640000000000,0.375,1010,,,"Main article PDF p. 5, Figure 3c and accompanying text",directly_reported,,,,,,,,,,,,,,not_reported,not_reported,,,,not_reported,not_reported,,,,,,,not_reported,checked,2026-08-29,"Complete main article and supplied Supporting Information checked. No numerical temporal response, explicit -3 dB bandwidth, or LDR was reported. Exact D* bias is not established.",calculated_shot_and_thermal_noise,not_applicable,D* used a 1 Hz bandwidth and a calculated noise spectral density containing shot-noise and thermal-noise terms. The SR830 lock-in acquired EQE only and was not a noise instrument.,"Main article PDF p. 5, Equation 1 and accompanying text; SI p. 7, Characterisation of solar cells and photodetectors",graphically_extracted,"Main article PDF p. 4, Figure 3d",reviewed,green,,,"Approved by Shlok on 2026-08-29. Approximate marker value graphically extracted from Figure 3d; the exact D* bias is not stated, and the paper describes the best performance only as close to 0 V. The separately reported peak responsivity is retained at its explicit 1010 nm wavelength.",2026-08-29,2026-08-29
burgues-ceballos-2022-agbis2-gradient-1150,burgues-ceballos-2022-agbis2-gradient-device,1150,37000000000,,,,,,not_reported,,,,,,,,,,,,,,not_reported,not_reported,,,,not_reported,not_reported,,,,,,,not_reported,checked,2026-08-29,"Complete main article and supplied Supporting Information checked. No numerical temporal response, explicit -3 dB bandwidth, or LDR was reported. Exact D* bias is not established.",calculated_shot_and_thermal_noise,not_applicable,D* used a 1 Hz bandwidth and a calculated noise spectral density containing shot-noise and thermal-noise terms. The SR830 lock-in acquired EQE only and was not a noise instrument.,"Main article PDF p. 5, Equation 1 and accompanying text; SI p. 7, Characterisation of solar cells and photodetectors",graphically_extracted,"Main article PDF p. 4, Figure 3d",reviewed,green,,,"Approved by Shlok on 2026-08-29. Approximate marker value graphically extracted from Figure 3d; the exact D* bias is not stated, and the paper describes the best performance only as close to 0 V.",2026-08-29,2026-08-29
kang-2022-agbis2-pristine-680-neg0p5-i1,kang-2022-agbis2-pristine-zno-device,680,290000000000,0.44,680,-0.5,,"Main article PDF p. 6, Table 1",directly_reported,,,,,-0.5,,,0.000001,0.0000032,10-90% rise and 90-10% fall under 680 nm LED illumination.,680,0,"Main article PDF p. 8, Figure 6 and accompanying text",measured,directly_reported,,,,not_reported,not_reported,,,,,,,not_reported,checked,2026-08-29,Complete main article and supplied Supporting Information checked. No explicit -3 dB bandwidth was reported. Device-level timing and LDR values are retained once on matching device/wavelength rows.,shot_noise_approximation,not_applicable,D* was calculated as R1/sqrt(2qJd) from responsivity and dark-current density. Keithley 2602B acquired J-V curves only and was not used for noise acquisition.,"Main article PDF pp. 3 and 6, Device characterization and Equation 1",directly_reported,"Main article PDF p. 6, Table 1",reviewed,amber,shot_noise_approximation,Detectivity is based on a dark-current shot-noise approximation rather than a measured total-noise spectrum.,Approved by Shlok on 2026-08-29. Reported incident irradiance is 0.000099 W cm^-2; irradiance is retained in curator notes because the measurement schema has no optical-power-density field.,2026-08-29,2026-08-29
kang-2022-agbis2-pristine-680-neg0p5-i2,kang-2022-agbis2-pristine-zno-device,680,310000000000,0.47,680,-0.5,,"Main article PDF p. 6, Table 1",directly_reported,,,,,-0.5,,,,,,,,,not_reported,not_reported,,,,not_reported,not_reported,,,,,,,not_reported,checked,2026-08-29,Complete main article and supplied Supporting Information checked. No explicit -3 dB bandwidth was reported. Device-level timing and LDR values are retained once on matching device/wavelength rows.,shot_noise_approximation,not_applicable,D* was calculated as R1/sqrt(2qJd) from responsivity and dark-current density. Keithley 2602B acquired J-V curves only and was not used for noise acquisition.,"Main article PDF pp. 3 and 6, Device characterization and Equation 1",directly_reported,"Main article PDF p. 6, Table 1",reviewed,amber,shot_noise_approximation,Detectivity is based on a dark-current shot-noise approximation rather than a measured total-noise spectrum.,Approved by Shlok on 2026-08-29. Reported incident irradiance is 0.000502 W cm^-2; irradiance is retained in curator notes because the measurement schema has no optical-power-density field.,2026-08-29,2026-08-29
kang-2022-agbis2-pristine-680-neg0p5-i3,kang-2022-agbis2-pristine-zno-device,680,310000000000,0.48,680,-0.5,,"Main article PDF p. 6, Table 1",directly_reported,,,,,-0.5,,,,,,,,,not_reported,not_reported,,,,not_reported,not_reported,,,,,,,not_reported,checked,2026-08-29,Complete main article and supplied Supporting Information checked. No explicit -3 dB bandwidth was reported. Device-level timing and LDR values are retained once on matching device/wavelength rows.,shot_noise_approximation,not_applicable,D* was calculated as R1/sqrt(2qJd) from responsivity and dark-current density. Keithley 2602B acquired J-V curves only and was not used for noise acquisition.,"Main article PDF pp. 3 and 6, Device characterization and Equation 1",directly_reported,"Main article PDF p. 6, Table 1",reviewed,amber,shot_noise_approximation,Detectivity is based on a dark-current shot-noise approximation rather than a measured total-noise spectrum.,Approved by Shlok on 2026-08-29. Reported incident irradiance is 0.001 W cm^-2; irradiance is retained in curator notes because the measurement schema has no optical-power-density field.,2026-08-29,2026-08-29
kang-2022-agbis2-pristine-680-neg0p5-i4,kang-2022-agbis2-pristine-zno-device,680,310000000000,0.47,680,-0.5,,"Main article PDF p. 6, Table 1",directly_reported,,,,,-0.5,,,,,,,,,not_reported,not_reported,,,,not_reported,not_reported,,,,,,,not_reported,checked,2026-08-29,Complete main article and supplied Supporting Information checked. No explicit -3 dB bandwidth was reported. Device-level timing and LDR values are retained once on matching device/wavelength rows.,shot_noise_approximation,not_applicable,D* was calculated as R1/sqrt(2qJd) from responsivity and dark-current density. Keithley 2602B acquired J-V curves only and was not used for noise acquisition.,"Main article PDF pp. 3 and 6, Device characterization and Equation 1",directly_reported,"Main article PDF p. 6, Table 1",reviewed,amber,shot_noise_approximation,Detectivity is based on a dark-current shot-noise approximation rather than a measured total-noise spectrum.,Approved by Shlok on 2026-08-29. Reported incident irradiance is 0.005 W cm^-2; irradiance is retained in curator notes because the measurement schema has no optical-power-density field.,2026-08-29,2026-08-29
kang-2022-agbis2-pristine-680-neg1-i1,kang-2022-agbis2-pristine-zno-device,680,170000000000,0.41,680,-1,,"Main article PDF p. 6, Table 1",directly_reported,,,,,-1,,,,,,,,,not_reported,not_reported,,,,not_reported,not_reported,49.42,,,,20 log10(Jmax/Jmin) over the reported linear-current range at -1.0 V.,"Main article PDF p. 8, Equation 13; SI Figure S13",directly_reported,checked,2026-08-29,Complete main article and supplied Supporting Information checked. No explicit -3 dB bandwidth was reported. Device-level timing and LDR values are retained once on matching device/wavelength rows.,shot_noise_approximation,not_applicable,D* was calculated as R1/sqrt(2qJd) from responsivity and dark-current density. Keithley 2602B acquired J-V curves only and was not used for noise acquisition.,"Main article PDF pp. 3 and 6, Device characterization and Equation 1",directly_reported,"Main article PDF p. 6, Table 1",reviewed,amber,shot_noise_approximation,Detectivity is based on a dark-current shot-noise approximation rather than a measured total-noise spectrum.,Approved by Shlok on 2026-08-29. Reported incident irradiance is 0.000099 W cm^-2; irradiance is retained in curator notes because the measurement schema has no optical-power-density field.,2026-08-29,2026-08-29
kang-2022-agbis2-pristine-680-neg1-i2,kang-2022-agbis2-pristine-zno-device,680,190000000000,0.47,680,-1,,"Main article PDF p. 6, Table 1",directly_reported,,,,,-1,,,,,,,,,not_reported,not_reported,,,,not_reported,not_reported,,,,,,,not_reported,checked,2026-08-29,Complete main article and supplied Supporting Information checked. No explicit -3 dB bandwidth was reported. Device-level timing and LDR values are retained once on matching device/wavelength rows.,shot_noise_approximation,not_applicable,D* was calculated as R1/sqrt(2qJd) from responsivity and dark-current density. Keithley 2602B acquired J-V curves only and was not used for noise acquisition.,"Main article PDF pp. 3 and 6, Device characterization and Equation 1",directly_reported,"Main article PDF p. 6, Table 1",reviewed,amber,shot_noise_approximation,Detectivity is based on a dark-current shot-noise approximation rather than a measured total-noise spectrum.,Approved by Shlok on 2026-08-29. Reported incident irradiance is 0.000502 W cm^-2; irradiance is retained in curator notes because the measurement schema has no optical-power-density field.,2026-08-29,2026-08-29
kang-2022-agbis2-pristine-680-neg1-i3,kang-2022-agbis2-pristine-zno-device,680,190000000000,0.48,680,-1,,"Main article PDF p. 6, Table 1",directly_reported,,,,,-1,,,,,,,,,not_reported,not_reported,,,,not_reported,not_reported,,,,,,,not_reported,checked,2026-08-29,Complete main article and supplied Supporting Information checked. No explicit -3 dB bandwidth was reported. Device-level timing and LDR values are retained once on matching device/wavelength rows.,shot_noise_approximation,not_applicable,D* was calculated as R1/sqrt(2qJd) from responsivity and dark-current density. Keithley 2602B acquired J-V curves only and was not used for noise acquisition.,"Main article PDF pp. 3 and 6, Device characterization and Equation 1",directly_reported,"Main article PDF p. 6, Table 1",reviewed,amber,shot_noise_approximation,Detectivity is based on a dark-current shot-noise approximation rather than a measured total-noise spectrum.,Approved by Shlok on 2026-08-29. Reported incident irradiance is 0.001 W cm^-2; irradiance is retained in curator notes because the measurement schema has no optical-power-density field.,2026-08-29,2026-08-29
kang-2022-agbis2-pristine-680-neg1-i4,kang-2022-agbis2-pristine-zno-device,680,190000000000,0.47,680,-1,,"Main article PDF p. 6, Table 1",directly_reported,,,,,-1,,,,,,,,,not_reported,not_reported,,,,not_reported,not_reported,,,,,,,not_reported,checked,2026-08-29,Complete main article and supplied Supporting Information checked. No explicit -3 dB bandwidth was reported. Device-level timing and LDR values are retained once on matching device/wavelength rows.,shot_noise_approximation,not_applicable,D* was calculated as R1/sqrt(2qJd) from responsivity and dark-current density. Keithley 2602B acquired J-V curves only and was not used for noise acquisition.,"Main article PDF pp. 3 and 6, Device characterization and Equation 1",directly_reported,"Main article PDF p. 6, Table 1",reviewed,amber,shot_noise_approximation,Detectivity is based on a dark-current shot-noise approximation rather than a measured total-noise spectrum.,Approved by Shlok on 2026-08-29. Reported incident irradiance is 0.005 W cm^-2; irradiance is retained in curator notes because the measurement schema has no optical-power-density field.,2026-08-29,2026-08-29
kang-2022-agbis2-pfn-680-neg0p5-i1,kang-2022-agbis2-pfn-py-device,680,1400000000000,0.56,680,-0.5,,"Main article PDF p. 6, Table 1",directly_reported,,,,,-0.5,,,0.000001,0.0000032,10-90% rise and 90-10% fall under 680 nm LED illumination.,680,0,"Main article PDF p. 8, Figure 6 and accompanying text",measured,directly_reported,,,,not_reported,not_reported,,,,,,,not_reported,checked,2026-08-29,Complete main article and supplied Supporting Information checked. No explicit -3 dB bandwidth was reported. Device-level timing and LDR values are retained once on matching device/wavelength rows.,shot_noise_approximation,not_applicable,D* was calculated as R1/sqrt(2qJd) from responsivity and dark-current density. Keithley 2602B acquired J-V curves only and was not used for noise acquisition.,"Main article PDF pp. 3 and 6, Device characterization and Equation 1",directly_reported,"Main article PDF p. 6, Table 1",reviewed,amber,shot_noise_approximation,Detectivity is based on a dark-current shot-noise approximation rather than a measured total-noise spectrum.,Approved by Shlok on 2026-08-29. Reported incident irradiance is 0.000099 W cm^-2; irradiance is retained in curator notes because the measurement schema has no optical-power-density field.,2026-08-29,2026-08-29
kang-2022-agbis2-pfn-680-neg0p5-i2,kang-2022-agbis2-pfn-py-device,680,1400000000000,0.55,680,-0.5,,"Main article PDF p. 6, Table 1",directly_reported,,,,,-0.5,,,,,,,,,not_reported,not_reported,,,,not_reported,not_reported,,,,,,,not_reported,checked,2026-08-29,Complete main article and supplied Supporting Information checked. No explicit -3 dB bandwidth was reported. Device-level timing and LDR values are retained once on matching device/wavelength rows.,shot_noise_approximation,not_applicable,D* was calculated as R1/sqrt(2qJd) from responsivity and dark-current density. Keithley 2602B acquired J-V curves only and was not used for noise acquisition.,"Main article PDF pp. 3 and 6, Device characterization and Equation 1",directly_reported,"Main article PDF p. 6, Table 1",reviewed,amber,shot_noise_approximation,Detectivity is based on a dark-current shot-noise approximation rather than a measured total-noise spectrum.,Approved by Shlok on 2026-08-29. Reported incident irradiance is 0.000501 W cm^-2; irradiance is retained in curator notes because the measurement schema has no optical-power-density field.,2026-08-29,2026-08-29
kang-2022-agbis2-pfn-680-neg0p5-i3,kang-2022-agbis2-pfn-py-device,680,1400000000000,0.55,680,-0.5,,"Main article PDF p. 6, Table 1",directly_reported,,,,,-0.5,,,,,,,,,not_reported,not_reported,,,,not_reported,not_reported,,,,,,,not_reported,checked,2026-08-29,Complete main article and supplied Supporting Information checked. No explicit -3 dB bandwidth was reported. Device-level timing and LDR values are retained once on matching device/wavelength rows.,shot_noise_approximation,not_applicable,D* was calculated as R1/sqrt(2qJd) from responsivity and dark-current density. Keithley 2602B acquired J-V curves only and was not used for noise acquisition.,"Main article PDF pp. 3 and 6, Device characterization and Equation 1",directly_reported,"Main article PDF p. 6, Table 1",reviewed,amber,shot_noise_approximation,Detectivity is based on a dark-current shot-noise approximation rather than a measured total-noise spectrum.,Approved by Shlok on 2026-08-29. Reported incident irradiance is 0.001 W cm^-2; irradiance is retained in curator notes because the measurement schema has no optical-power-density field.,2026-08-29,2026-08-29
kang-2022-agbis2-pfn-680-neg0p5-i4,kang-2022-agbis2-pfn-py-device,680,1300000000000,0.52,680,-0.5,,"Main article PDF p. 6, Table 1",directly_reported,,,,,-0.5,,,,,,,,,not_reported,not_reported,,,,not_reported,not_reported,,,,,,,not_reported,checked,2026-08-29,Complete main article and supplied Supporting Information checked. No explicit -3 dB bandwidth was reported. Device-level timing and LDR values are retained once on matching device/wavelength rows.,shot_noise_approximation,not_applicable,D* was calculated as R1/sqrt(2qJd) from responsivity and dark-current density. Keithley 2602B acquired J-V curves only and was not used for noise acquisition.,"Main article PDF pp. 3 and 6, Device characterization and Equation 1",directly_reported,"Main article PDF p. 6, Table 1",reviewed,amber,shot_noise_approximation,Detectivity is based on a dark-current shot-noise approximation rather than a measured total-noise spectrum.,Approved by Shlok on 2026-08-29. Reported incident irradiance is 0.005 W cm^-2; irradiance is retained in curator notes because the measurement schema has no optical-power-density field.,2026-08-29,2026-08-29
kang-2022-agbis2-pfn-680-neg1-i1,kang-2022-agbis2-pfn-py-device,680,570000000000,0.56,680,-1,,"Main article PDF p. 6, Table 1",directly_reported,,,,,-1,,,,,,,,,not_reported,not_reported,,,,not_reported,not_reported,49.94,,,,20 log10(Jmax/Jmin) over the reported linear-current range at -1.0 V.,"Main article PDF p. 8, Equation 13; SI Figure S13",directly_reported,checked,2026-08-29,Complete main article and supplied Supporting Information checked. No explicit -3 dB bandwidth was reported. Device-level timing and LDR values are retained once on matching device/wavelength rows.,shot_noise_approximation,not_applicable,D* was calculated as R1/sqrt(2qJd) from responsivity and dark-current density. Keithley 2602B acquired J-V curves only and was not used for noise acquisition.,"Main article PDF pp. 3 and 6, Device characterization and Equation 1",directly_reported,"Main article PDF p. 6, Table 1",reviewed,amber,shot_noise_approximation,Detectivity is based on a dark-current shot-noise approximation rather than a measured total-noise spectrum.,Approved by Shlok on 2026-08-29. Reported incident irradiance is 0.000099 W cm^-2; irradiance is retained in curator notes because the measurement schema has no optical-power-density field.,2026-08-29,2026-08-29
kang-2022-agbis2-pfn-680-neg1-i2,kang-2022-agbis2-pfn-py-device,680,560000000000,0.55,680,-1,,"Main article PDF p. 6, Table 1",directly_reported,,,,,-1,,,,,,,,,not_reported,not_reported,,,,not_reported,not_reported,,,,,,,not_reported,checked,2026-08-29,Complete main article and supplied Supporting Information checked. No explicit -3 dB bandwidth was reported. Device-level timing and LDR values are retained once on matching device/wavelength rows.,shot_noise_approximation,not_applicable,D* was calculated as R1/sqrt(2qJd) from responsivity and dark-current density. Keithley 2602B acquired J-V curves only and was not used for noise acquisition.,"Main article PDF pp. 3 and 6, Device characterization and Equation 1",directly_reported,"Main article PDF p. 6, Table 1",reviewed,amber,shot_noise_approximation,Detectivity is based on a dark-current shot-noise approximation rather than a measured total-noise spectrum.,Approved by Shlok on 2026-08-29. Reported incident irradiance is 0.000501 W cm^-2; irradiance is retained in curator notes because the measurement schema has no optical-power-density field.,2026-08-29,2026-08-29
kang-2022-agbis2-pfn-680-neg1-i3,kang-2022-agbis2-pfn-py-device,680,560000000000,0.55,680,-1,,"Main article PDF p. 6, Table 1",directly_reported,,,,,-1,,,,,,,,,not_reported,not_reported,,,,not_reported,not_reported,,,,,,,not_reported,checked,2026-08-29,Complete main article and supplied Supporting Information checked. No explicit -3 dB bandwidth was reported. Device-level timing and LDR values are retained once on matching device/wavelength rows.,shot_noise_approximation,not_applicable,D* was calculated as R1/sqrt(2qJd) from responsivity and dark-current density. Keithley 2602B acquired J-V curves only and was not used for noise acquisition.,"Main article PDF pp. 3 and 6, Device characterization and Equation 1",directly_reported,"Main article PDF p. 6, Table 1",reviewed,amber,shot_noise_approximation,Detectivity is based on a dark-current shot-noise approximation rather than a measured total-noise spectrum.,Approved by Shlok on 2026-08-29. Reported incident irradiance is 0.001 W cm^-2; irradiance is retained in curator notes because the measurement schema has no optical-power-density field.,2026-08-29,2026-08-29
kang-2022-agbis2-pfn-680-neg1-i4,kang-2022-agbis2-pfn-py-device,680,540000000000,0.53,680,-1,,"Main article PDF p. 6, Table 1",directly_reported,,,,,-1,,,,,,,,,not_reported,not_reported,,,,not_reported,not_reported,,,,,,,not_reported,checked,2026-08-29,Complete main article and supplied Supporting Information checked. No explicit -3 dB bandwidth was reported. Device-level timing and LDR values are retained once on matching device/wavelength rows.,shot_noise_approximation,not_applicable,D* was calculated as R1/sqrt(2qJd) from responsivity and dark-current density. Keithley 2602B acquired J-V curves only and was not used for noise acquisition.,"Main article PDF pp. 3 and 6, Device characterization and Equation 1",directly_reported,"Main article PDF p. 6, Table 1",reviewed,amber,shot_noise_approximation,Detectivity is based on a dark-current shot-noise approximation rather than a measured total-noise spectrum.,Approved by Shlok on 2026-08-29. Reported incident irradiance is 0.005 W cm^-2; irradiance is retained in curator notes because the measurement schema has no optical-power-density field.,2026-08-29,2026-08-29
kang-2022-agbis2-pristine-940-neg0p5-i1,kang-2022-agbis2-pristine-zno-device,940,63200000000,0.06,940,-0.5,,SI Table S2,directly_reported,,,,,-0.5,,,,0.0028,90-10% fall time under 940 nm LED illumination; rise time was not numerically reported.,940,0,"Main article PDF p. 8, Figure 6 and accompanying text",measured,directly_reported,,,,not_reported,not_reported,,,,,,,not_reported,checked,2026-08-29,Complete main article and supplied Supporting Information checked. No explicit -3 dB bandwidth was reported. Device-level timing and LDR values are retained once on matching device/wavelength rows.,shot_noise_approximation,not_applicable,D* was calculated as R1/sqrt(2qJd) from responsivity and dark-current density. Keithley 2602B acquired J-V curves only and was not used for noise acquisition.,"Main article PDF pp. 3 and 6, Device characterization and Equation 1",directly_reported,SI Table S2,reviewed,amber,shot_noise_approximation,Detectivity is based on a dark-current shot-noise approximation rather than a measured total-noise spectrum.,Approved by Shlok on 2026-08-29. Reported incident irradiance is 0.000108 W cm^-2; irradiance is retained in curator notes because the measurement schema has no optical-power-density field. SI Table S2 labels the P_light header as A cm^-2; W cm^-2 is retained from the defined incident-light-intensity quantity and the main article. The prose's isolated 680 nm reference for the 2.8 ms fall time is corrected to 940 nm from Figure 6 and the surrounding NIR discussion.,2026-08-29,2026-08-29
kang-2022-agbis2-pristine-940-neg0p5-i2,kang-2022-agbis2-pristine-zno-device,940,67600000000,0.064,940,-0.5,,SI Table S2,directly_reported,,,,,-0.5,,,,,,,,,not_reported,not_reported,,,,not_reported,not_reported,,,,,,,not_reported,checked,2026-08-29,Complete main article and supplied Supporting Information checked. No explicit -3 dB bandwidth was reported. Device-level timing and LDR values are retained once on matching device/wavelength rows.,shot_noise_approximation,not_applicable,D* was calculated as R1/sqrt(2qJd) from responsivity and dark-current density. Keithley 2602B acquired J-V curves only and was not used for noise acquisition.,"Main article PDF pp. 3 and 6, Device characterization and Equation 1",directly_reported,SI Table S2,reviewed,amber,shot_noise_approximation,Detectivity is based on a dark-current shot-noise approximation rather than a measured total-noise spectrum.,Approved by Shlok on 2026-08-29. Reported incident irradiance is 0.000502 W cm^-2; irradiance is retained in curator notes because the measurement schema has no optical-power-density field. SI Table S2 labels the P_light header as A cm^-2; W cm^-2 is retained from the defined incident-light-intensity quantity and the main article.,2026-08-29,2026-08-29
kang-2022-agbis2-pristine-940-neg0p5-i3,kang-2022-agbis2-pristine-zno-device,940,66400000000,0.063,940,-0.5,,SI Table S2,directly_reported,,,,,-0.5,,,,,,,,,not_reported,not_reported,,,,not_reported,not_reported,,,,,,,not_reported,checked,2026-08-29,Complete main article and supplied Supporting Information checked. No explicit -3 dB bandwidth was reported. Device-level timing and LDR values are retained once on matching device/wavelength rows.,shot_noise_approximation,not_applicable,D* was calculated as R1/sqrt(2qJd) from responsivity and dark-current density. Keithley 2602B acquired J-V curves only and was not used for noise acquisition.,"Main article PDF pp. 3 and 6, Device characterization and Equation 1",directly_reported,SI Table S2,reviewed,amber,shot_noise_approximation,Detectivity is based on a dark-current shot-noise approximation rather than a measured total-noise spectrum.,Approved by Shlok on 2026-08-29. Reported incident irradiance is 0.00099 W cm^-2; irradiance is retained in curator notes because the measurement schema has no optical-power-density field. SI Table S2 labels the P_light header as A cm^-2; W cm^-2 is retained from the defined incident-light-intensity quantity and the main article.,2026-08-29,2026-08-29
kang-2022-agbis2-pristine-940-neg0p5-i4,kang-2022-agbis2-pristine-zno-device,940,62100000000,0.059,940,-0.5,,SI Table S2,directly_reported,,,,,-0.5,,,,,,,,,not_reported,not_reported,,,,not_reported,not_reported,,,,,,,not_reported,checked,2026-08-29,Complete main article and supplied Supporting Information checked. No explicit -3 dB bandwidth was reported. Device-level timing and LDR values are retained once on matching device/wavelength rows.,shot_noise_approximation,not_applicable,D* was calculated as R1/sqrt(2qJd) from responsivity and dark-current density. Keithley 2602B acquired J-V curves only and was not used for noise acquisition.,"Main article PDF pp. 3 and 6, Device characterization and Equation 1",directly_reported,SI Table S2,reviewed,amber,shot_noise_approximation,Detectivity is based on a dark-current shot-noise approximation rather than a measured total-noise spectrum.,Approved by Shlok on 2026-08-29. Reported incident irradiance is 0.005 W cm^-2; irradiance is retained in curator notes because the measurement schema has no optical-power-density field. SI Table S2 labels the P_light header as A cm^-2; W cm^-2 is retained from the defined incident-light-intensity quantity and the main article.,2026-08-29,2026-08-29
kang-2022-agbis2-pristine-940-neg1-i1,kang-2022-agbis2-pristine-zno-device,940,18600000000,0.036,940,-1,,SI Table S2,directly_reported,,,,,-1,,,,,,,,,not_reported,not_reported,,,,not_reported,not_reported,39.33,,,,20 log10(Jmax/Jmin) over the reported linear-current range at -1.0 V.,"Main article PDF p. 8, Equation 13; SI Figure S13",directly_reported,checked,2026-08-29,Complete main article and supplied Supporting Information checked. No explicit -3 dB bandwidth was reported. Device-level timing and LDR values are retained once on matching device/wavelength rows.,shot_noise_approximation,not_applicable,D* was calculated as R1/sqrt(2qJd) from responsivity and dark-current density. Keithley 2602B acquired J-V curves only and was not used for noise acquisition.,"Main article PDF pp. 3 and 6, Device characterization and Equation 1",directly_reported,SI Table S2,reviewed,amber,shot_noise_approximation,Detectivity is based on a dark-current shot-noise approximation rather than a measured total-noise spectrum.,Approved by Shlok on 2026-08-29. Reported incident irradiance is 0.000108 W cm^-2; irradiance is retained in curator notes because the measurement schema has no optical-power-density field. SI Table S2 labels the P_light header as A cm^-2; W cm^-2 is retained from the defined incident-light-intensity quantity and the main article.,2026-08-29,2026-08-29
kang-2022-agbis2-pristine-940-neg1-i2,kang-2022-agbis2-pristine-zno-device,940,30200000000,0.058,940,-1,,SI Table S2,directly_reported,,,,,-1,,,,,,,,,not_reported,not_reported,,,,not_reported,not_reported,,,,,,,not_reported,checked,2026-08-29,Complete main article and supplied Supporting Information checked. No explicit -3 dB bandwidth was reported. Device-level timing and LDR values are retained once on matching device/wavelength rows.,shot_noise_approximation,not_applicable,D* was calculated as R1/sqrt(2qJd) from responsivity and dark-current density. Keithley 2602B acquired J-V curves only and was not used for noise acquisition.,"Main article PDF pp. 3 and 6, Device characterization and Equation 1",directly_reported,SI Table S2,reviewed,amber,shot_noise_approximation,Detectivity is based on a dark-current shot-noise approximation rather than a measured total-noise spectrum.,Approved by Shlok on 2026-08-29. Reported incident irradiance is 0.000502 W cm^-2; irradiance is retained in curator notes because the measurement schema has no optical-power-density field. SI Table S2 labels the P_light header as A cm^-2; W cm^-2 is retained from the defined incident-light-intensity quantity and the main article.,2026-08-29,2026-08-29
kang-2022-agbis2-pristine-940-neg1-i3,kang-2022-agbis2-pristine-zno-device,940,31400000000,0.06,940,-1,,SI Table S2,directly_reported,,,,,-1,,,,,,,,,not_reported,not_reported,,,,not_reported,not_reported,,,,,,,not_reported,checked,2026-08-29,Complete main article and supplied Supporting Information checked. No explicit -3 dB bandwidth was reported. Device-level timing and LDR values are retained once on matching device/wavelength rows.,shot_noise_approximation,not_applicable,D* was calculated as R1/sqrt(2qJd) from responsivity and dark-current density. Keithley 2602B acquired J-V curves only and was not used for noise acquisition.,"Main article PDF pp. 3 and 6, Device characterization and Equation 1",directly_reported,SI Table S2,reviewed,amber,shot_noise_approximation,Detectivity is based on a dark-current shot-noise approximation rather than a measured total-noise spectrum.,Approved by Shlok on 2026-08-29. Reported incident irradiance is 0.00099 W cm^-2; irradiance is retained in curator notes because the measurement schema has no optical-power-density field. SI Table S2 labels the P_light header as A cm^-2; W cm^-2 is retained from the defined incident-light-intensity quantity and the main article.,2026-08-29,2026-08-29
kang-2022-agbis2-pristine-940-neg1-i4,kang-2022-agbis2-pristine-zno-device,940,30900000000,0.06,940,-1,,SI Table S2,directly_reported,,,,,-1,,,,,,,,,not_reported,not_reported,,,,not_reported,not_reported,,,,,,,not_reported,checked,2026-08-29,Complete main article and supplied Supporting Information checked. No explicit -3 dB bandwidth was reported. Device-level timing and LDR values are retained once on matching device/wavelength rows.,shot_noise_approximation,not_applicable,D* was calculated as R1/sqrt(2qJd) from responsivity and dark-current density. Keithley 2602B acquired J-V curves only and was not used for noise acquisition.,"Main article PDF pp. 3 and 6, Device characterization and Equation 1",directly_reported,SI Table S2,reviewed,amber,shot_noise_approximation,Detectivity is based on a dark-current shot-noise approximation rather than a measured total-noise spectrum.,Approved by Shlok on 2026-08-29. Reported incident irradiance is 0.005 W cm^-2; irradiance is retained in curator notes because the measurement schema has no optical-power-density field. SI Table S2 labels the P_light header as A cm^-2; W cm^-2 is retained from the defined incident-light-intensity quantity and the main article.,2026-08-29,2026-08-29
kang-2022-agbis2-pfn-940-neg0p5-i1,kang-2022-agbis2-pfn-py-device,940,120000000000,0.063,940,-0.5,,SI Table S2,directly_reported,,,,,-0.5,,,,0.0014,90-10% fall time under 940 nm LED illumination; rise time was not numerically reported.,940,0,"Main article PDF p. 8, Figure 6 and accompanying text",measured,directly_reported,,,,not_reported,not_reported,,,,,,,not_reported,checked,2026-08-29,Complete main article and supplied Supporting Information checked. No explicit -3 dB bandwidth was reported. Device-level timing and LDR values are retained once on matching device/wavelength rows.,shot_noise_approximation,not_applicable,D* was calculated as R1/sqrt(2qJd) from responsivity and dark-current density. Keithley 2602B acquired J-V curves only and was not used for noise acquisition.,"Main article PDF pp. 3 and 6, Device characterization and Equation 1",directly_reported,SI Table S2,reviewed,amber,shot_noise_approximation,Detectivity is based on a dark-current shot-noise approximation rather than a measured total-noise spectrum.,Approved by Shlok on 2026-08-29. Reported incident irradiance is 0.000092 W cm^-2; irradiance is retained in curator notes because the measurement schema has no optical-power-density field. SI Table S2 labels the P_light header as A cm^-2; W cm^-2 is retained from the defined incident-light-intensity quantity and the main article.,2026-08-29,2026-08-29
kang-2022-agbis2-pfn-940-neg0p5-i2,kang-2022-agbis2-pfn-py-device,940,110000000000,0.061,940,-0.5,,SI Table S2,directly_reported,,,,,-0.5,,,,,,,,,not_reported,not_reported,,,,not_reported,not_reported,,,,,,,not_reported,checked,2026-08-29,Complete main article and supplied Supporting Information checked. No explicit -3 dB bandwidth was reported. Device-level timing and LDR values are retained once on matching device/wavelength rows.,shot_noise_approximation,not_applicable,D* was calculated as R1/sqrt(2qJd) from responsivity and dark-current density. Keithley 2602B acquired J-V curves only and was not used for noise acquisition.,"Main article PDF pp. 3 and 6, Device characterization and Equation 1",directly_reported,SI Table S2,reviewed,amber,shot_noise_approximation,Detectivity is based on a dark-current shot-noise approximation rather than a measured total-noise spectrum.,Approved by Shlok on 2026-08-29. Reported incident irradiance is 0.000508 W cm^-2; irradiance is retained in curator notes because the measurement schema has no optical-power-density field. SI Table S2 labels the P_light header as A cm^-2; W cm^-2 is retained from the defined incident-light-intensity quantity and the main article.,2026-08-29,2026-08-29
kang-2022-agbis2-pfn-940-neg0p5-i3,kang-2022-agbis2-pfn-py-device,940,110000000000,0.059,940,-0.5,,SI Table S2,directly_reported,,,,,-0.5,,,,,,,,,not_reported,not_reported,,,,not_reported,not_reported,,,,,,,not_reported,checked,2026-08-29,Complete main article and supplied Supporting Information checked. No explicit -3 dB bandwidth was reported. Device-level timing and LDR values are retained once on matching device/wavelength rows.,shot_noise_approximation,not_applicable,D* was calculated as R1/sqrt(2qJd) from responsivity and dark-current density. Keithley 2602B acquired J-V curves only and was not used for noise acquisition.,"Main article PDF pp. 3 and 6, Device characterization and Equation 1",directly_reported,SI Table S2,reviewed,amber,shot_noise_approximation,Detectivity is based on a dark-current shot-noise approximation rather than a measured total-noise spectrum.,Approved by Shlok on 2026-08-29. Reported incident irradiance is 0.001 W cm^-2; irradiance is retained in curator notes because the measurement schema has no optical-power-density field. SI Table S2 labels the P_light header as A cm^-2; W cm^-2 is retained from the defined incident-light-intensity quantity and the main article.,2026-08-29,2026-08-29
kang-2022-agbis2-pfn-940-neg0p5-i4,kang-2022-agbis2-pfn-py-device,940,110000000000,0.056,940,-0.5,,SI Table S2,directly_reported,,,,,-0.5,,,,,,,,,not_reported,not_reported,,,,not_reported,not_reported,,,,,,,not_reported,checked,2026-08-29,Complete main article and supplied Supporting Information checked. No explicit -3 dB bandwidth was reported. Device-level timing and LDR values are retained once on matching device/wavelength rows.,shot_noise_approximation,not_applicable,D* was calculated as R1/sqrt(2qJd) from responsivity and dark-current density. Keithley 2602B acquired J-V curves only and was not used for noise acquisition.,"Main article PDF pp. 3 and 6, Device characterization and Equation 1",directly_reported,SI Table S2,reviewed,amber,shot_noise_approximation,Detectivity is based on a dark-current shot-noise approximation rather than a measured total-noise spectrum.,Approved by Shlok on 2026-08-29. Reported incident irradiance is 0.00499 W cm^-2; irradiance is retained in curator notes because the measurement schema has no optical-power-density field. SI Table S2 labels the P_light header as A cm^-2; W cm^-2 is retained from the defined incident-light-intensity quantity and the main article.,2026-08-29,2026-08-29
kang-2022-agbis2-pfn-940-neg1-i1,kang-2022-agbis2-pfn-py-device,940,77400000000,0.062,940,-1,,SI Table S2,directly_reported,,,,,-1,,,,,,,,,not_reported,not_reported,,,,not_reported,not_reported,59.98,,,,20 log10(Jmax/Jmin) over the reported linear-current range at -1.0 V.,"Main article PDF p. 8, Equation 13; SI Figure S13",directly_reported,checked,2026-08-29,Complete main article and supplied Supporting Information checked. No explicit -3 dB bandwidth was reported. Device-level timing and LDR values are retained once on matching device/wavelength rows.,shot_noise_approximation,not_applicable,D* was calculated as R1/sqrt(2qJd) from responsivity and dark-current density. Keithley 2602B acquired J-V curves only and was not used for noise acquisition.,"Main article PDF pp. 3 and 6, Device characterization and Equation 1",directly_reported,SI Table S2,reviewed,amber,shot_noise_approximation,Detectivity is based on a dark-current shot-noise approximation rather than a measured total-noise spectrum.,Approved by Shlok on 2026-08-29. Reported incident irradiance is 0.000092 W cm^-2; irradiance is retained in curator notes because the measurement schema has no optical-power-density field. SI Table S2 labels the P_light header as A cm^-2; W cm^-2 is retained from the defined incident-light-intensity quantity and the main article.,2026-08-29,2026-08-29
kang-2022-agbis2-pfn-940-neg1-i2,kang-2022-agbis2-pfn-py-device,940,75800000000,0.061,940,-1,,SI Table S2,directly_reported,,,,,-1,,,,,,,,,not_reported,not_reported,,,,not_reported,not_reported,,,,,,,not_reported,checked,2026-08-29,Complete main article and supplied Supporting Information checked. No explicit -3 dB bandwidth was reported. Device-level timing and LDR values are retained once on matching device/wavelength rows.,shot_noise_approximation,not_applicable,D* was calculated as R1/sqrt(2qJd) from responsivity and dark-current density. Keithley 2602B acquired J-V curves only and was not used for noise acquisition.,"Main article PDF pp. 3 and 6, Device characterization and Equation 1",directly_reported,SI Table S2,reviewed,amber,shot_noise_approximation,Detectivity is based on a dark-current shot-noise approximation rather than a measured total-noise spectrum.,Approved by Shlok on 2026-08-29. Reported incident irradiance is 0.000508 W cm^-2; irradiance is retained in curator notes because the measurement schema has no optical-power-density field. SI Table S2 labels the P_light header as A cm^-2; W cm^-2 is retained from the defined incident-light-intensity quantity and the main article.,2026-08-29,2026-08-29
kang-2022-agbis2-pfn-940-neg1-i3,kang-2022-agbis2-pfn-py-device,940,74700000000,0.06,940,-1,,SI Table S2,directly_reported,,,,,-1,,,,,,,,,not_reported,not_reported,,,,not_reported,not_reported,,,,,,,not_reported,checked,2026-08-29,Complete main article and supplied Supporting Information checked. No explicit -3 dB bandwidth was reported. Device-level timing and LDR values are retained once on matching device/wavelength rows.,shot_noise_approximation,not_applicable,D* was calculated as R1/sqrt(2qJd) from responsivity and dark-current density. Keithley 2602B acquired J-V curves only and was not used for noise acquisition.,"Main article PDF pp. 3 and 6, Device characterization and Equation 1",directly_reported,SI Table S2,reviewed,amber,shot_noise_approximation,Detectivity is based on a dark-current shot-noise approximation rather than a measured total-noise spectrum.,Approved by Shlok on 2026-08-29. Reported incident irradiance is 0.001 W cm^-2; irradiance is retained in curator notes because the measurement schema has no optical-power-density field. SI Table S2 labels the P_light header as A cm^-2; W cm^-2 is retained from the defined incident-light-intensity quantity and the main article.,2026-08-29,2026-08-29
kang-2022-agbis2-pfn-940-neg1-i4,kang-2022-agbis2-pfn-py-device,940,71000000000,0.057,940,-1,,SI Table S2,directly_reported,,,,,-1,,,,,,,,,not_reported,not_reported,,,,not_reported,not_reported,,,,,,,not_reported,checked,2026-08-29,Complete main article and supplied Supporting Information checked. No explicit -3 dB bandwidth was reported. Device-level timing and LDR values are retained once on matching device/wavelength rows.,shot_noise_approximation,not_applicable,D* was calculated as R1/sqrt(2qJd) from responsivity and dark-current density. Keithley 2602B acquired J-V curves only and was not used for noise acquisition.,"Main article PDF pp. 3 and 6, Device characterization and Equation 1",directly_reported,SI Table S2,reviewed,amber,shot_noise_approximation,Detectivity is based on a dark-current shot-noise approximation rather than a measured total-noise spectrum.,Approved by Shlok on 2026-08-29. Reported incident irradiance is 0.00499 W cm^-2; irradiance is retained in curator notes because the measurement schema has no optical-power-density field. SI Table S2 labels the P_light header as A cm^-2; W cm^-2 is retained from the defined incident-light-intensity quantity and the main article.,2026-08-29,2026-08-29
yuan-2024-agbis2-ibr-control-650-zero,yuan-2024-agbis2-ibr-control-device,650,1900000000000,0.24,650,0,,"Main article PDF p. 5, Figure 3c and accompanying text",directly_reported,,,,,0,,,0.000178,0.0017,Rise and fall times annotated as tau_r and tau_f; threshold convention not reported.,,,"Main article PDF p. 4, Figure 3i",measured,directly_reported,2540,,"Main article PDF pp. 4 and 6, Figure 3g and accompanying text",measured,directly_reported,79.3,,,,Linear photocurrent versus incident power density; logarithmic convention not stated.,"Main article PDF pp. 4 and 6, Figure 3h and accompanying text",directly_reported,checked,2026-08-29,"Complete main article and supplied Supporting Information checked. Response-time thresholds and operating biases for bandwidth, timing, and LDR were not stated.",shot_noise_approximation,not_applicable,"Reported D* was calculated from R and dark current using Equation 4, R/sqrt(2eId/A). A Tektronix MDO3104 oscilloscope characterized a separate noise spectrum, bandwidth, and temporal response, but the measured spectrum was not used in the reported D* equation; Keithley 2400 acquired current curves only.","Main article PDF pp. 3 and 5, Characterization and Equation 4",graphically_extracted,"Main article PDF pp. 4-5, Figure 3d and accompanying text",reviewed,amber,shot_noise_approximation,Detectivity is based on a dark-current shot-noise approximation rather than the separately measured total-noise spectrum.,Approved by Shlok on 2026-08-29. The control D* peak is graphically extracted from Figure 3d.,2026-08-29,2026-08-29
yuan-2024-agbis2-ibrcl-650-zero,yuan-2024-agbis2-ibrcl-device,650,2000000000000,0.27,650,0,,"Main article PDF p. 5, Figure 3c and accompanying text",directly_reported,,60,,,0,,,0.000321,0.000596,Rise and fall times annotated as tau_r and tau_f; threshold convention not reported.,,,"Main article PDF p. 4, Figure 3i",measured,directly_reported,4990,,"Main article PDF pp. 4 and 6, Figure 3g and accompanying text",measured,directly_reported,85,,,,Linear photocurrent versus incident power density; logarithmic convention not stated.,"Main article PDF pp. 4 and 6, Figure 3h and accompanying text",directly_reported,checked,2026-08-29,"Complete main article and supplied Supporting Information checked. Response-time thresholds and operating biases for bandwidth, timing, and LDR were not stated.",shot_noise_approximation,not_applicable,"Reported D* was calculated from R and dark current using Equation 4, R/sqrt(2eId/A). A Tektronix MDO3104 oscilloscope characterized a separate noise spectrum, bandwidth, and temporal response, but the measured spectrum was not used in the reported D* equation; Keithley 2400 acquired current curves only.","Main article PDF pp. 3 and 5, Characterization and Equation 4",directly_reported,"Main article PDF pp. 4-5, Figure 3d and accompanying text",reviewed,amber,shot_noise_approximation,Detectivity is based on a dark-current shot-noise approximation rather than the separately measured total-noise spectrum.,"Approved by Shlok on 2026-08-29. The optimized D*, responsivity, and EQE are directly reported.",2026-08-29,2026-08-29
shen-2018-cdsete-oa-350-zero,shen-2018-cdsete-oa-device,350,18000000000000,0.015,350,0,,"Main article PDF pp. 1 and 3, abstract and Figure 2e",graphically_extracted,,,,,0,,,,,,,,,not_reported,not_reported,,,,not_reported,not_reported,,,,,,,not_reported,checked,2026-08-29,"Complete main article and supplied Supporting Information checked. No numerical temporal response, explicit -3 dB bandwidth, or LDR was reported for the native-OA device.",shot_noise_approximation,not_applicable,"D* was calculated as R/sqrt(2qIdark/S), treating dark-current shot noise as the major noise. Keithley 2400 acquired IPCE and J-V data only; no measured-noise instrument applies.","Main article PDF pp. 3-4, Equation 1 and Photovoltaic Characterization",graphically_extracted,"Main article PDF p. 3, Figure 2f",reviewed,amber,shot_noise_approximation,Detectivity is based on a dark-current shot-noise approximation rather than a measured total-noise spectrum.,Approved by Shlok on 2026-08-29. Approximate OA-device peak values were graphically extracted from Figure 2e-f.,2026-08-29,2026-08-29
shen-2018-cdsete-tga-450-zero,shen-2018-cdsete-tga-device,450,20000000000000,0.028,440,0,,"Main article PDF pp. 1 and 3, abstract and Figure 2e",graphically_extracted,,,,,0,,,0.04,0.04,10-90% rise and 90-10% fall under 1 sun illumination.,,0,"Main article PDF p. 4, Figure 3a and accompanying text",measured,directly_reported,,,,not_reported,not_reported,43.73,,,,"20 log10(Jlight/Jdark), with Jlight evaluated at 1 mW cm^-2.","Main article PDF pp. 5-6, Equation 4 and Figure 5b",directly_reported,checked,2026-08-29,Complete main article and supplied Supporting Information checked. The TGA timing and LDR were reported; no explicit -3 dB bandwidth was assigned to the TGA device.,shot_noise_approximation,not_applicable,"D* was calculated as R/sqrt(2qIdark/S), treating dark-current shot noise as the major noise. Keithley 2400 acquired IPCE and J-V data only; no measured-noise instrument applies.","Main article PDF pp. 3-4, Equation 1 and Photovoltaic Characterization",graphically_extracted,"Main article PDF pp. 3-4, Figure 2f and accompanying text",reviewed,amber,shot_noise_approximation,Detectivity is based on a dark-current shot-noise approximation rather than a measured total-noise spectrum.,"Approved by Shlok on 2026-08-29. The 2e13-Jones scalar is directly reported, while its approximately 450 nm peak wavelength and approximately 0.028 A/W responsivity at 440 nm are read from Figure 2.",2026-08-29,2026-08-29
shen-2018-cdsete-tbai-460-zero,shen-2018-cdsete-tbai-device,460,80000000000000,0.053,,0,,"Main article PDF pp. 1 and 3, abstract and Figure 2e",directly_reported,,,,,0,,,0.02,0.02,10-90% rise and 90-10% fall under 1 sun illumination.,,0,"Main article PDF p. 4, Figure 3a and accompanying text",upper_bound,directly_reported,300,0,"Main article PDF p. 4 and SI p. 3, Figure S3",measured,directly_reported,69.26,,,,"20 log10(Jlight/Jdark), with Jlight evaluated at 1 mW cm^-2.","Main article PDF pp. 5-6, Equation 4 and Figure 5b",directly_reported,checked,2026-08-29,"Complete main article and supplied Supporting Information checked. The TBAI timing, explicit approximately 300 Hz -3 dB bandwidth, and LDR were reported and retained on this peak-D* row.",shot_noise_approximation,not_applicable,"D* was calculated as R/sqrt(2qIdark/S), treating dark-current shot noise as the major noise. Keithley 2400 acquired IPCE and J-V data only; no measured-noise instrument applies.","Main article PDF pp. 3-4, Equation 1 and Photovoltaic Characterization",directly_reported,"Main article PDF pp. 1 and 4, abstract and Figure 2f discussion",reviewed,amber,shot_noise_approximation,Detectivity is based on a dark-current shot-noise approximation rather than a measured total-noise spectrum.,Approved by Shlok on 2026-08-29. The detailed results' 460 nm peak is retained over the abstract's rounded 450 nm value. The SI comparison table's inconsistent 0.46/0.38 A/W entries are withheld in favor of the primary main-article spectral data.,2026-08-29,2026-08-29
shen-2018-cdsete-tbai-800-zero,shen-2018-cdsete-tbai-device,800,10000000000000,,,,,,not_reported,,,,,0,,,,,,,,,not_reported,not_reported,,,,not_reported,not_reported,,,,,,,not_reported,checked,2026-08-29,"Complete main article and supplied Supporting Information checked. Device-level TBAI timing, bandwidth, and LDR are retained on the 460 nm peak-D* row and are not duplicated here.",shot_noise_approximation,not_applicable,"D* was calculated as R/sqrt(2qIdark/S), treating dark-current shot noise as the major noise. Keithley 2400 acquired IPCE and J-V data only; no measured-noise instrument applies.","Main article PDF pp. 3-4, Equation 1 and Photovoltaic Characterization",directly_reported,"Main article PDF p. 1, abstract",reviewed,amber,shot_noise_approximation,Detectivity is based on a dark-current shot-noise approximation rather than a measured total-noise spectrum.,Approved by Shlok on 2026-08-29. The 800 nm D* value is directly reported in the abstract.,2026-08-29,2026-08-29
